Dedicated tx lines,n_std,typical use,Design Capacity [MVA],Available Technical Capacity (+) 2023 [MVA],Av. Tec. Capacity (+) 2024 [MVA],Av. Tec. Capacity (+) 2025 [MVA],Av. Tec. Capacity (+) 2026 [MVA],Av. Tec. Capacity (+) 2027 [MVA],Av. Tec. Capacity (+) 2028 [MVA],Av. Tec. Capacity (+) 2029 [MVA],Av. Tec. Capacity (+) 2030 [MVA],Variation 2023->2030 [%],Available Technical Capacity (-) 2023 [MVA],Av. Tec. Capacity (-) 2024 [MVA],Av. Tec. Capacity (-) 2025 [MVA],Av. Tec. Capacity (-) 2026 [MVA],Av. Tec. Capacity (-) 2027 [MVA],Av. Tec. Capacity (-) 2028 [MVA],Av. Tec. Capacity (-) 2029 [MVA],Av. Tec. Capacity (-) 2030 [MVA],Variation 2023->2030 [%](-),Region
Línea 1x66 kV Central Diesel Arica - Tap Quiani,1,Inyección,41,27.8,27.8,27.8,27.8,27.8,27.8,27.8,27.8,"0,0%",34.5,33.8,32.9,31.9,31.4,30.4,30,30,-10%,Región de Arica y Parinacota
Línea 1x66 kV Tap Quiani - Arica,1,Mixto,41,27.8,27.8,27.8,27.8,27.8,27.8,27.8,27.8,"0,0%",32.1,31.4,30.5,29.5,29,28,27.6,27.6,-10%,Región de Arica y Parinacota
Línea 1x66 kV Chapiquiña - Tap El Aguila,2,Mixto,28.8,18,18,18,18,18,18,18,18,"0,0%",28.5,28.5,28.4,28.4,28.3,28.3,28.3,28.3,0%,Región de Arica y Parinacota
Línea 1x66 kV Tap Off El Aguila - Arica,2,Mixto,30.4,17.6,17.6,17.6,17.6,17.6,17.6,17.6,17.6,"0,0%",27,26.6,26.1,25.6,25.3,24.8,24.6,24.6,-10%,Región de Arica y Parinacota
Línea 1x220 kV Collahuasi - Quebrada Blanca,3,Retiro,367,352.8,1,352.8,352.8,352.8,352.8,352.8,352.8,"0,0%",367,367,367,367,367,367,367,367,0%,Región de Tarapacá
Línea 2x220 kV Encuentro - Collahuasi,3,Retiro,193.2,24.4,1,24.4,24.4,24.4,24.4,24.4,24.4,"0,0%",168.2,168.2,168.2,168.2,168.2,168.2,168.2,168.2,0%,Región de Tarapacá
Línea 2x220 kV Lagunas - Collahuasi,3,Retiro,171.5,19.9,1,19.9,19.9,19.9,19.9,19.9,19.9,"0,0%",108.3,108.3,108.3,108.3,108.3,108.3,108.3,108.3,0%,Región de Tarapacá
Transformador N°1 Pozo Almonte 110/66/13.8 KV,4,Retiro,30,0,0,0,0,0,0,0,0,"0,0%",5,5,5,5,5,5,5,5,0%,Región de Tarapacá
Línea 1x66 kV Tap Off Tamarugal - La Huayca II,6,Inyección,65.5,65.5,65.5,65.5,65.5,65.5,65.5,65.5,65.5,"0,0%",40.5,40.5,40.5,40.5,40.5,40.5,40.5,40.5,0%,Región de Tarapacá
Línea 1x66 kV Tap Off Nueva Victoria - Llamara,7,Retiro,43.6,39.1,39.1,39.1,39.1,39.1,39.1,39.1,39.1,"0,0%",43.6,43.6,43.6,43.6,43.6,43.6,43.6,43.6,0%,Región de Tarapacá
Línea 1x66 kV Tap Off Nueva Victoria - Sur Viejo,7,Retiro,43.4,41.9,41.9,41.9,41.9,41.9,41.9,41.9,41.9,"0,0%",43.4,43.4,43.4,43.4,43.4,43.4,43.4,43.4,0%,Región de Tarapacá
Transformador N°1 Tap Off Nueva Victoria 220/66/23 kV,7,Retiro,50,29,29,29,29,29,29,29,29,"0,0%",50,50,50,50,50,50,50,50,0%,Región de Tarapacá
Línea 1x220 kV Santa Rita - San Simon,9,Inyección,251.5,163.4,163.4,163.4,163.4,163.4,163.4,163.4,163.4,"0,0%",251.5,251.5,251.5,251.5,251.5,251.5,251.5,251.5,0%,Región de Tarapacá
Línea 1x220 kV Lagunas - Granja Solar,10,Inyección,290,290,290,290,290,290,290,290,290,"0,0%",185,185,185,185,185,185,185,185,0%,Región de Tarapacá
Línea 1x220 kV Lagunas - Matilla,11,Inyección,289.9,289.9,289.9,289.9,289.9,289.9,289.9,289.9,289.9,"0,0%",139.9,139.9,139.9,139.9,139.9,139.9,139.9,139.9,0%,Región de Tarapacá
Línea 2x220 kV Puerto Patache - Patillos,215,Retiro,229,204,1,204,204,204,204,204,204,"0,0%",229,229,229,229,229,229,229,229,0%,Región de Tarapacá
Línea 1x110 kV Pozo Almonte - Cerro Colorado,19,Retiro,137.9,102.9,136.9,136.9,136.9,136.9,136.9,136.9,136.9,"30,0%",57.9,57.9,57.9,57.9,57.9,57.9,57.9,57.9,0%,Región de Tarapacá
Línea 2x220 kV Lagunas - Puquios,229,Retiro,362.2,217.2,137.2,137.2,132.2,132.2,132.2,132.2,132.2,"-40,0%",362.2,362.2,362.2,362.2,362.2,362.2,362.2,362.2,0%,Región de Tarapacá
Línea 1x220 kV Tiquima - Paguana,229,Retiro,397.2,282.2,202.2,202.2,197.2,197.2,197.2,197.2,197.2,"-30,0%",397.2,397.2,397.2,397.2,397.2,397.2,397.2,397.2,0%,Región de Tarapacá
Línea 1x220 kV Paguana - Puquios,229,Retiro,397.2,297.2,217.2,217.2,212.2,212.2,212.2,212.2,212.2,"-30,0%",397.2,397.2,397.2,397.2,397.2,397.2,397.2,397.2,0%,Región de Tarapacá
Línea 1x220 kV Lagunas - Challacollo,229,Retiro,398.4,253.4,173.4,173.4,168.4,168.4,168.4,168.4,168.4,"-30,0%",398.4,398.4,398.4,398.4,398.4,398.4,398.4,398.4,0%,Región de Tarapacá
Línea 1x220 kV Challacollo - Tiquima ,229,Retiro,400.1,270.1,190.1,190.1,185.1,185.1,185.1,185.1,185.1,"-30,0%",400.1,400.1,400.1,400.1,400.1,400.1,400.1,400.1,0%,Región de Tarapacá
Línea 1x220 kV Tiquima - Paguana ,229,Retiro,362.9,247.9,167.9,167.9,162.9,162.9,162.9,162.9,162.9,"-30,0%",362.9,362.9,362.9,362.9,362.9,362.9,362.9,362.9,0%,Región de Tarapacá
Línea 1x220 kV Paguana - Puquios,229,Retiro,362.2,262.2,182.2,182.2,177.2,177.2,177.2,177.2,177.2,"-30,0%",362.2,362.2,362.2,362.2,362.2,362.2,362.2,362.2,0%,Región de Tarapacá
Línea 1x220 kV Lagunas - Challacollo,229,Retiro,398.4,253.4,173.4,173.4,168.4,168.4,168.4,168.4,168.4,"-30,0%",398.4,398.4,398.4,398.4,398.4,398.4,398.4,398.4,0%,Región de Tarapacá
Línea 1x220 kV Geoglifos - Oyarvide ,240,Retiro,292.3,277.3,277.3,277.3,277.3,277.3,277.3,277.3,277.3,"0,0%",292.3,292.3,292.3,292.3,292.3,292.3,292.3,292.3,0%,Región de Tarapacá
Línea 1x220 kV Geoglifos - Oyarvide,240,Retiro,292.3,277.3,277.3,277.3,277.3,277.3,277.3,277.3,277.3,"0,0%",292.3,292.3,292.3,292.3,292.3,292.3,292.3,292.3,0%,Región de Tarapacá
Línea 1x200 kV O'Higgins - Farellon,22,Retiro,190.5,69.6,69.6,69.6,69.6,61.5,61.5,61.5,61.5,"-10,0%",0,0,0,0,0,0,0,0,0%,Región de Antofagasta
Línea 1x220 kV Domeyko - Escondida,22,Retiro,284.3,251,251,251,251,239,239,239,239,"0,0%",251.5,251.5,251.5,251.5,251.5,251.5,251.5,251.5,0%,Región de Antofagasta
Línea 1x220 kV Domeyko - Laguna Seca,22,Retiro,284.3,117.9,117.9,117.9,117.9,117.8,117.8,117.8,117.8,"0,0%",283.3,283.3,283.3,283.3,283.3,283.3,283.3,283.3,0%,Región de Antofagasta
Línea 1x220 kV Domeyko - OGP 1,22,Retiro,311.3,209.2,209.2,209.2,209.2,216.2,216.2,216.2,216.2,"0,0%",294.9,294.9,294.9,294.9,294.9,294.9,294.9,294.9,0%,Región de Antofagasta
Línea 1x220 kV Domeyko - Planta Oxidos,22,Retiro,256.2,178.1,178.1,178.1,178.1,178.1,178.1,178.1,178.1,"0,0%",255.7,255.7,255.7,255.7,255.7,255.7,255.7,255.7,0%,Región de Antofagasta
Línea 1x220 kV Domeyko - Sulfuros,22,Mixto,326.6,182.2,182.2,182.2,182.2,224.8,224.8,224.8,224.8,"20,0%",300.7,300.7,300.7,300.7,300.7,300.7,300.7,300.7,0%,Región de Antofagasta
Línea 1x220 kV Domeyko - SVS Domeyko,22,Retiro,326.6,190.3,190.3,190.3,190.3,191.7,191.7,191.7,191.7,"0,0%",325.7,325.7,325.7,325.7,325.7,325.7,325.7,325.7,0%,Región de Antofagasta
Línea 1x220 kV Farellon - Chimborazo,22,Retiro,190.5,109.8,109.8,109.8,109.8,102.1,102.1,102.1,102.1,"-10,0%",178.2,178.2,178.2,178.2,178.2,178.2,178.2,178.2,0%,Región de Antofagasta
Línea 1x220 kV Nueva Zaldívar - OGP1,22,Mixto,317,165,165,165,165,158,158,158,158,"0,0%",300.4,300.4,300.4,300.4,300.4,300.4,300.4,300.4,0%,Región de Antofagasta
Línea 1x220 kV Nueva Zaldívar - Sulfuros,22,Retiro,302.6,109.3,109.3,109.3,109.3,81.3,81.3,81.3,81.3,"-30,0%",246.4,246.4,246.4,246.4,246.4,246.4,246.4,246.4,0%,Región de Antofagasta
Línea 1x220 kV Nueva Zaldívar - Zaldívar,22,Mixto,301,91.3,91.3,91.3,91.3,77.5,77.5,77.5,77.5,"-20,0%",268,268,268,268,268,268,268,268,0%,Región de Antofagasta
Línea 1x220 kV O'Higgins - Domeyko,22,Retiro,309.5,235.5,235.5,235.5,235.5,227.7,227.7,227.7,227.7,"0,0%",212.6,212.6,212.6,212.6,212.6,212.6,212.6,212.6,0%,Región de Antofagasta
Línea 1x220 kV O'Higgins - Puri,22,Retiro,190.5,98.7,98.7,98.7,98.7,91.6,91.6,91.6,91.6,"-10,0%",24.2,24.2,24.2,24.2,24.2,24.2,24.2,24.2,0%,Región de Antofagasta
Línea 1x220 kV Pampa Tigre-Tigre,22,Inyección,309,309,309,309,309,309,309,309,309,"0,0%",207.2,207.2,207.2,207.2,207.2,207.2,207.2,207.2,0%,Región de Antofagasta
Línea 1x220 kV Parque Eolico Cerro Tigre-Tigre,22,Inyección,309,309,309,309,309,309,309,309,309,"0,0%",127.6,127.6,127.6,127.6,127.6,127.6,127.6,127.6,0%,Región de Antofagasta
Línea 1x220 kV Puri - Domeyko,22,Retiro,190.5,136.1,136.1,136.1,136.1,129.3,129.3,129.3,129.3,"0,0%",154.5,154.5,154.5,154.5,154.5,154.5,154.5,154.5,0%,Región de Antofagasta
Línea 1x220 kV Zaldívar - Escondida,22,Retiro,328.5,173.8,173.8,173.8,173.8,159.8,159.8,159.8,159.8,"-10,0%",295.5,295.5,295.5,295.5,295.5,295.5,295.5,295.5,0%,Región de Antofagasta
Transformador N°1 Sulfuros  220/69/13.8 kV,22,Retiro,138,121.4,121.4,121.4,121.4,98.6,98.6,98.6,98.6,"-20,0%",138,138,138,138,138,138,138,138,0%,Región de Antofagasta
Transformador N°1 Zaldívar  220/66/23kV,22,Retiro,67,36.3,36.3,36.3,36.3,36.3,36.3,36.3,36.3,"0,0%",67,67,67,67,67,67,67,67,0%,Región de Antofagasta
Transformador N°2 Sulfuros  220/69/13.8kV,22,Retiro,138,122,122,122,122,98.6,98.6,98.6,98.6,"-20,0%",138,138,138,138,138,138,138,138,0%,Región de Antofagasta
Transformador N°2 Zaldívar  220/66/23kV,22,Retiro,67,41.4,41.4,41.4,41.4,36.3,36.3,36.3,36.3,"-10,0%",67,67,67,67,67,67,67,67,0%,Región de Antofagasta
Transformador N°3 Sulfuros 220/69 kV,22,Retiro,62,46,46,46,46,22.9,22.9,22.9,22.9,"-50,0%",62,62,62,62,62,62,62,62,0%,Región de Antofagasta
Transformador N°4 OGP 1 220/66 kV,22,Retiro,80,29.4,29.4,29.4,29.4,29.4,29.4,29.4,29.4,"0,0%",80,80,80,80,80,80,80,80,0%,Región de Antofagasta
Transformador N°5 OGP 1 220/66 kV,22,Retiro,80,29.4,29.4,29.4,29.4,29.4,29.4,29.4,29.4,"0,0%",80,80,80,80,80,80,80,80,0%,Región de Antofagasta
Transformador N°7 Laguna Seca 220/69kV,22,Retiro,50,16.8,16.8,16.8,16.8,16.8,16.8,16.8,16.8,"0,0%",50,50,50,50,50,50,50,50,0%,Región de Antofagasta
Transformador N°8 Laguna Seca 220/69kV,22,Retiro,50,16.8,16.8,16.8,16.8,16.8,16.8,16.8,16.8,"0,0%",50,50,50,50,50,50,50,50,0%,Región de Antofagasta
Línea 1x220 kV Tap Off Oeste - Laberinto,22,Inyección,272.1,208.3,208.3,208.3,208.3,205.5,205.5,205.5,205.5,"0,0%",57.6,57.6,57.6,57.6,57.6,57.6,57.6,57.6,0%,Región de Antofagasta
Línea 1x220 kV Chimborazo - Domeyko,22,Mixto,190.5,147,147,147,147,139.9,139.9,139.9,139.9,"0,0%",178.2,178.2,178.2,178.2,178.2,178.2,178.2,178.2,0%,Región de Antofagasta
Línea 1x220 kV Andes - Tap Off Oeste,22,Mixto,271.7,242.8,242.8,242.8,242.8,242.2,242.2,242.2,242.2,"0,0%",54.8,54.8,54.8,54.8,54.8,54.8,54.8,54.8,0%,Región de Antofagasta
Línea 2x220 kV Nueva Zaldivar-Likanantai,22,Mixto,345.2,185.3,185.3,185.3,185.3,169.6,169.6,169.6,169.6,"-10,0%",315,315,315,315,315,315,315,315,0%,Región de Antofagasta
Línea 1x220 kV Andes - Likanantai,22,Mixto,345.2,334.3,334.3,334.3,334.3,333.8,333.8,333.8,333.8,"0,0%",60.1,60.1,60.1,60.1,60.1,60.1,60.1,60.1,0%,Región de Antofagasta
Línea 1x220 kV Tigre-Farellon,22,Inyección,356.7,356.7,356.7,356.7,356.7,356.7,356.7,356.7,356.7,"0,0%",73.5,73.5,73.5,73.5,73.5,73.5,73.5,73.5,0%,Región de Antofagasta
Línea 2x220 kV Tocopilla - Tap El Loa,13,Retiro,413.3,366.9,366.9,366.9,366.9,366.9,366.9,366.9,366.9,"0,0%",354,354,354,354,354,354,354,354,0%,Región de Antofagasta
Línea 2x110 kV Central Tocopilla - A,13,Retiro,49.2,44.5,44.5,44.5,44.5,44.5,44.5,44.5,44.5,"0,0%",47.2,47.2,47.2,47.2,47.2,47.2,47.2,47.2,0%,Región de Antofagasta
Línea 2x110 kV Central Tocopilla - Central Diésel Tamaya,13,Retiro,133.2,95.3,95.3,95.3,95.3,95.3,95.3,95.3,95.3,"0,0%",75,75,75,75,75,75,75,75,0%,Región de Antofagasta
Autotransformador N°1 Central Tocopilla Booster 1 110/110 kV  ,13,Mixto,100,58.5,58.5,58.5,58.5,58.5,58.5,58.5,58.5,"0,0%",42.6,42.6,42.6,42.6,42.6,42.6,42.6,42.6,0%,Región de Antofagasta
"Autotransformador N°1 Central Tocopilla 220/110/13,8 kV  ",13,Mixto,100,57.4,57.4,57.4,57.4,57.4,57.4,57.4,57.4,"0,0%",40.8,40.8,40.8,40.8,40.8,40.8,40.8,40.8,0%,Región de Antofagasta
"Autotransformador N°2 Central Tocopilla 220/110/13,8 kV ",13,Mixto,100,57.4,57.4,57.4,57.4,57.4,57.4,57.4,57.4,"0,0%",40.8,40.8,40.8,40.8,40.8,40.8,40.8,40.8,0%,Región de Antofagasta
Transformador N°2 Central Tocopilla Booster 2 110/110 kV Autoransformador,13,Mixto,100,58.5,58.5,58.5,58.5,58.5,58.5,58.5,58.5,"0,0%",42.6,42.6,42.6,42.6,42.6,42.6,42.6,42.6,0%,Región de Antofagasta
Línea 1x110 kV Chacaya - GNL Mejillones,15,Retiro,73.9,69,69,69,69,69,69,69,69,"0,0%",73.7,73.7,73.7,73.7,73.7,73.7,73.7,73.7,0%,Región de Antofagasta
Línea 1x110 kV Chacaya - Mejillones ,15,Retiro,73.8,11.5,11.5,11.5,11.5,11.5,11.5,11.5,11.5,"0,0%",0,0,0,0,0,0,0,0,0%,Región de Antofagasta
Línea 1x110 kV Mejillones - El Lince,15,Retiro,95.7,78.7,78.7,78.7,78.7,78.7,78.7,78.7,78.7,"0,0%",86.4,86.4,86.4,86.4,86.4,86.4,86.4,86.4,0%,Región de Antofagasta
Línea 1x110 kV Tap Off Enlace Antucoya - Antucoya,15,Mixto,110.3,96.4,96.4,96.4,96.4,96.4,96.4,96.4,96.4,"0,0%",102.9,102.9,102.9,102.9,102.9,102.9,102.9,102.9,0%,Región de Antofagasta
Línea 1x110 kV Tap Off Enlace Antucoya - Guayaques,15,Retiro,49.5,39.3,39.3,39.3,39.3,39.3,39.3,39.3,39.3,"0,0%",49.5,49.5,49.5,49.5,49.5,49.5,49.5,49.5,0%,Región de Antofagasta
Línea 1x110 kV Tap Off Licancabur - Tap Off Enlace Antucoya,15,Retiro,49.5,45.5,45.5,45.5,45.5,45.5,45.5,45.5,45.5,"0,0%",41.7,41.7,41.7,41.7,41.7,41.7,41.7,41.7,0%,Región de Antofagasta
Transformador N°1 Mejillones 220/110/23 KV,15,Mixto,100,50.1,50.1,50.1,50.1,50.1,50.1,50.1,50.1,"0,0%",89.9,89.9,89.9,89.9,89.9,89.9,89.9,89.9,0%,Región de Antofagasta
Transformador N°3 Chacaya 220/110/23 KV,15,Retiro,100,55,55,55,55,55,55,55,55,"0,0%",91,91,91,91,91,91,91,91,0%,Región de Antofagasta
Línea 1x110 kV Tap Off Sairecabur - Tap Off Licancabur,15,Retiro,49.5,43.2,43.2,43.2,43.2,43.2,43.2,43.2,43.2,"0,0%",41.6,41.6,41.6,41.6,41.6,41.6,41.6,41.6,0%,Región de Antofagasta
Línea 1x220 kV Tap Off Enlace - Antucoya,15,Retiro,220.6,155.2,155.2,155.2,155.2,155.2,155.2,155.2,155.2,"0,0%",212.7,212.7,212.7,212.7,212.7,212.7,212.7,212.7,0%,Región de Antofagasta
Línea 1x110 kV Muelle - Tap Off Sairecabur,15,Retiro,49.5,32.7,32.7,32.7,32.7,32.7,32.7,32.7,32.7,"0,0%",41.6,41.6,41.6,41.6,41.6,41.6,41.6,41.6,0%,Región de Antofagasta
Línea 1x220 kV Mejillones - O'Higgins,15,Inyección,398.6,280.7,280.7,280.7,280.7,280.7,280.7,280.7,280.7,"0,0%",303.6,303.6,303.6,303.6,303.6,303.6,303.6,303.6,0%,Región de Antofagasta
Línea 1x220 kV Laberinto - Mantos Blancos,15,Inyección,278.2,238.9,238.9,238.9,238.9,238.9,238.9,238.9,238.9,"0,0%",233.3,233.3,233.3,233.3,233.3,233.3,233.3,233.3,0%,Región de Antofagasta
Línea 1x220 kV El Cobre - Gaby,15,Retiro,272.2,201.4,201.4,201.4,201.4,201.4,201.4,201.4,201.4,"0,0%",221.1,221.1,221.1,221.1,221.1,221.1,221.1,221.1,0%,Región de Antofagasta
Línea 2x220 kV El Cobre - Esperanza,15,Retiro,166.9,106.2,106.2,106.2,106.2,106.2,106.2,106.2,106.2,"0,0%",107.5,107.5,107.5,107.5,107.5,107.5,107.5,107.5,0%,Región de Antofagasta
Línea 1x110 kV Chacaya -  Muelle,15,Retiro,49.5,24.2,24.2,24.2,24.2,24.2,24.2,24.2,24.2,"0,0%",40.6,40.6,40.6,40.6,40.6,40.6,40.6,40.6,0%,Región de Antofagasta
Línea 1x220 kV Chacaya - Molycop,15,Retiro,185.6,170.9,170.9,170.9,170.9,170.9,170.9,170.9,170.9,"0,0%",185.4,185.4,185.4,185.4,185.4,185.4,185.4,185.4,0%,Región de Antofagasta
Línea 1x220 kV Chacaya - Mejillones,15,Retiro,248.8,186.5,186.5,186.5,186.5,186.5,186.5,186.5,186.5,"0,0%",160.2,160.2,160.2,160.2,160.2,160.2,160.2,160.2,0%,Región de Antofagasta
Línea 2x220 kV Chacaya - El Cobre,15,Retiro,463.6,313.6,313.6,313.6,313.6,313.6,313.6,313.6,313.6,"0,0%",298.6,311.3,311.3,311.3,311.3,311.3,311.3,311.3,0%,Región de Antofagasta
Línea 1x220 kV Chacaya - Crucero,15,Mixto,182.9,102.4,102.4,102.4,102.4,102.4,102.4,102.4,102.4,"0,0%",91.5,91.5,91.5,91.5,91.5,91.5,91.5,91.5,0%,Región de Antofagasta
Línea 1x220 kV Chacaya - Capricornio,15,Retiro,246.9,157.7,157.7,157.7,157.7,157.7,157.7,157.7,157.7,"0,0%",110.7,110.7,110.7,110.7,110.7,110.7,110.7,110.7,0%,Región de Antofagasta
Autotransformador Capricornio 220/110/13.8 kV,15,Inyección,80,42,42,42,42,42,42,42,42,"0,0%",44.6,44.6,44.6,44.6,44.6,44.6,44.6,44.6,0%,Región de Antofagasta
Autotransformador Capricornio 220/110/13.8 kV ,15,Inyección,80,32.1,32.1,32.1,32.1,32.1,32.1,32.1,32.1,"0,0%",38.1,38.1,38.1,38.1,38.1,38.1,38.1,38.1,0%,Región de Antofagasta
Línea 1x220 kV Capricornio - Mantos Blancos,15,Retiro,246.9,225.5,225.5,225.5,225.5,225.5,225.5,225.5,225.5,"0,0%",178.7,178.7,178.7,178.7,178.7,178.7,178.7,178.7,0%,Región de Antofagasta
Línea 1x220 kV Parinas – Central Parque Eolico Taltal *,12,Inyección,274.4,270.4,270.4,270.4,270.4,270.4,270.4,270.4,270.4,"0,0%",176.2,176.2,176.2,176.2,176.2,176.2,176.2,176.2,0%,Región de Antofagasta
Línea 1x220 kV Parinas – Central Lalackama *,12,Inyección,274.4,274.4,274.4,274.4,274.4,274.4,274.4,274.4,274.4,"0,0%",203.1,203.1,203.1,203.1,203.1,203.1,203.1,203.1,0%,Región de Antofagasta
Línea 1x220 kV Cachiyuyal - Pampa Norte,12,Inyección,271.7,271.7,271.7,271.7,271.7,271.7,271.7,271.7,271.7,"0,0%",204.9,204.9,204.9,204.9,204.9,204.9,204.9,204.9,0%,Región de Antofagasta
Línea 1x220 kV Cachiyuyal - Diego de Almagro,12,Inyección,291.1,283.1,283.1,283.1,283.1,283.1,283.1,283.1,283.1,"0,0%",53.6,53.6,53.6,53.6,53.6,53.6,53.6,53.6,0%,Región de Antofagasta
Línea 1x220 kV Francisco - Conejo,12,Inyección,283.9,283.9,283.9,283.9,283.9,283.9,283.9,283.9,283.9,"0,0%",61.9,61.9,61.9,61.9,61.9,61.9,61.9,61.9,0%,Región de Antofagasta
Línea 1x220 kV Francisco - Diego De Almagro,12,Inyección,291.1,283.1,283.1,283.1,283.1,283.1,283.1,283.1,283.1,"0,0%",0,0,0,0,0,0,0,0,0%,Región de Antofagasta
Línea 1x220 kV Paposo - Francisco*,12,Inyección,291.1,283.1,283.1,283.1,283.1,283.1,283.1,283.1,283.1,"0,0%",219.6,219.6,219.6,219.6,219.6,219.6,219.6,219.6,0%,Región de Antofagasta
Línea 1x220 kV Paposo - Cachiyuyal*,12,Inyección,291.1,283.1,283.1,283.1,283.1,283.1,283.1,283.1,283.1,"0,0%",122.1,122.1,122.1,122.1,122.1,122.1,122.1,122.1,0%,Región de Antofagasta
Línea 1x110 kV Tap Off La Negra - Alto Norte,14,Mixto,109.4,83.4,83.4,83.4,83.4,83.4,83.4,83.4,83.4,"0,0%",109.4,109.4,109.4,109.4,109.4,109.4,109.4,109.4,0%,Región de Antofagasta
Línea 1x110 kV Tap El Negro - Alto Norte,14,Mixto,78.3,58.3,58.3,58.3,58.3,58.3,58.3,58.3,58.3,"0,0%",78.3,78.3,78.3,78.3,78.3,78.3,78.3,78.3,0%,Región de Antofagasta
Línea 1x110 kV Capricornio - Tap El Negro,14,Mixto,78.3,78.3,78.3,78.3,78.3,78.3,78.3,78.3,78.3,"0,0%",58.3,58.3,58.3,58.3,58.3,58.3,58.3,58.3,0%,Región de Antofagasta
Línea 1x220 kV Laberinto - Lomas Bayas,16,Retiro,281.6,231.7,228.6,239.6,198,241.1,240.7,241.1,240.7,"0,0%",281.6,281.6,281.6,281.6,281.6,281.6,281.6,281.6,0%,Región de Antofagasta
Línea 1x220 kV Lomas Bayas - Fortuna,16,Retiro,281.6,256.6,255.1,260.6,239.8,261.3,261.1,261.3,261.1,"0,0%",281.6,281.6,281.6,281.6,281.6,281.6,281.6,281.6,0%,Región de Antofagasta
Línea 1x110 kV Esmeralda - Tap Off Uribe,17,Mixto,110.3,81.5,80.4,79.3,79.3,78.2,78.2,78.2,77,"-10,0%",57.6,57.6,57.6,57.6,57.6,57.6,57.6,57.6,0%,Región de Antofagasta
Línea 1x110 kV Tap Off Uribe - Uribe,17,Mixto,110.3,81.5,80.4,79.3,79.3,78.2,78.2,78.2,77,"-10,0%",57.6,57.6,57.6,57.6,57.6,57.6,57.6,57.6,0%,Región de Antofagasta
Línea 1x110 kV Acceso Norte - Carbonato,17,Retiro,64.8,49.5,48.4,48.4,48.4,48.4,48.4,48.4,48.4,"0,0%",22.5,22.5,22.5,22.5,22.5,22.5,22.5,22.5,0%,Región de Antofagasta
Línea 1x110 kV Uribe - Uribe Solar,17,Inyección,75.3,25.3,25.3,25.3,25.3,25.3,25.3,25.3,25.3,"0,0%",64.8,64.8,64.8,64.8,64.8,64.8,64.8,64.8,0%,Región de Antofagasta
Línea 1x110 kV Est. De Bombeo SG N°1 - Est. De Bombeo SG N°2,18,Retiro,73.9,17.9,17.9,17.9,17.9,17.9,17.9,17.9,17.9,"0,0%",73.9,73.9,73.9,73.9,73.9,73.9,73.9,73.9,0%,Región de Antofagasta
Línea 1x220 kV Angamos - Estacion De Bombeo Sierra Gorda N°1,18,Retiro,299.9,168.9,168.9,168.9,168.9,168.9,168.9,168.9,168.9,"0,0%",299.9,299.9,299.9,299.9,299.9,299.9,299.9,299.9,0%,Región de Antofagasta
Línea 2x220 kV Angamos - Kapatur,18,Mixto,785,283.4,283.4,283.4,785,785,785,785,785,"180,0%",745.2,745.2,745.2,745.2,745.2,745.2,745.2,745.2,0%,Región de Antofagasta
Línea 2x220 kV Angamos - Kapatur,18,Mixto,785,283.4,283.4,283.4,785,785,785,785,785,"180,0%",745.2,745.2,745.2,745.2,745.2,745.2,745.2,745.2,0%,Región de Antofagasta
"Transformador N°1 Estación de Bombeo Sierra Gorda N°1 220/110/13,8 kV",18,Retiro,70,38.7,38.7,38.7,38.7,38.7,38.7,38.7,38.7,"0,0%",70,70,70,70,70,70,70,70,0%,Región de Antofagasta
Línea 1x110 kV Tap Off Barriles - Mantos De La Luna,20,Retiro,75.3,64.4,64.4,64.4,64.4,64.4,64.4,64.4,64.4,"0,0%",75.3,75.3,75.3,75.3,75.3,75.3,75.3,75.3,0%,Región de Antofagasta
Línea 2x220 kV Norgener - Tap Off Barriles,20,Inyección,419.2,156.9,156.9,156.9,156.9,156.9,419.2,419.2,419.2,"170,0%",419.2,419.2,419.2,419.2,419.2,419.2,419.2,419.2,0%,Región de Antofagasta
Línea 2x220 kV Tap Off Barriles - Tap Off La Cruz,20,Mixto,419.2,156.9,156.9,156.9,156.9,156.9,419.2,419.2,419.2,"170,0%",394.2,394.2,394.2,394.2,394.2,394.2,394.2,394.2,0%,Región de Antofagasta
Línea 2x220 kV Tap Off La Cruz - Crucero,20,Mixto,419.2,90.3,90.3,90.3,90.3,90.3,352.6,352.6,352.6,"290,0%",394.2,394.2,394.2,394.2,394.2,394.2,394.2,394.2,0%,Región de Antofagasta
Línea 1x220 kV La Cruz Solar - Tap Off La Cruz Solar,20,Inyección,319.3,261.7,261.7,261.7,261.7,261.7,261.7,261.7,261.7,"0,0%",319.3,319.3,319.3,319.3,319.3,319.3,319.3,319.3,0%,Región de Antofagasta
Transformador Tap Off Barriles 220/110/13.2 KV,20,Retiro,30,19.1,19.1,19.1,19.1,19.1,11,11,11,"-40,0%",30,30,30,30,30,30,30,30,0%,Región de Antofagasta
Transformador Tap Off La Cruz 220/66/23 KV Nº1,20,Mixto,30,20.5,20.5,20.5,20.5,20.5,20.5,20.5,20.5,"0,0%",21,21,21,21,21,21,21,21,0%,Región de Antofagasta
Línea 1x110 kV Tap Desalant - Desalant,21,Retiro,50.7,35.7,35.7,35.7,29.7,29.7,29.7,28.7,28.7,"-20,0%",50.7,50.7,50.7,50.7,50.7,50.7,50.7,50.7,0%,Región de Antofagasta
Línea 1x110 kV Valle De Los Vientos - Calama Nueva,23,Inyección,156.4,56.4,56.4,56.4,56.4,56.4,56.4,56.4,56.4,"0,0%",155.8,155.8,155.8,155.8,155.8,155.8,155.8,155.8,0%,Región de Antofagasta
Línea 2x220 kV Kelar - Kapatur,24,Inyección,904.6,382.9,382.9,382.9,382.9,382.9,382.9,382.9,382.9,"0,0%",904.6,904.6,904.6,904.6,904.6,904.6,904.6,904.6,0%,Región de Antofagasta
Línea 1x110 kV Bolero - Laberinto,25,Inyección,284.6,148.9,148.9,148.9,148.9,148.9,148.9,148.9,148.9,"0,0%",284.6,284.6,284.6,284.6,284.6,284.6,284.6,284.6,0%,Región de Antofagasta
Línea 2x220 kV Cochrane - Encuentro,26,Inyección,718.7,229.1,229.1,229.1,229.1,229.1,229.1,718.7,718.7,"210,0%",718.7,718.7,718.7,718.7,718.7,718.7,718.7,718.7,0%,Región de Antofagasta
Línea 1x220 kV Conchi - Cerro Pabellon,27,Inyección,338,334,334,334,334,334,334,334,334,"0,0%",254.6,254.6,254.6,254.6,254.6,254.6,254.6,254.6,0%,Región de Antofagasta
Línea 1x220 kV Conchi - El Abra,27,Retiro,276.3,167.7,171.6,177.3,174.2,174.2,157.8,172.2,207.9,"20,0%",83.9,83.9,83.9,83.9,83.9,83.9,83.9,83.9,0%,Región de Antofagasta
Línea 1x220 kV Crucero - Conchi,27,Mixto,276.3,163.7,167.6,173.3,170.2,170.2,153.8,168.2,203.9,"20,0%",83.9,83.9,83.9,83.9,83.9,83.9,83.9,83.9,0%,Región de Antofagasta
Línea 1x220 kV Palpana - Crucero,28,Inyección,295.3,117.6,117.6,117.6,117.6,117.6,117.6,117.6,117.6,"0,0%",112.3,112.3,112.3,112.3,112.3,93.6,0,32.1,-70%,Región de Antofagasta
Línea 1x220 kV Palpana - Radomiro Tomic,28,Retiro,277.8,94.8,94.8,94.8,94.8,94.8,76.1,0,14.6,"-80,0%",277.8,277.8,277.8,277.8,277.8,277.8,277.8,277.8,0%,Región de Antofagasta
Línea 1x220 kV Encuentro - MMH,29,Retiro,264.1,128.1,129.2,129.3,129,129.1,129,129.2,129.2,"0,0%",264.1,264.1,264.1,264.1,264.1,264.1,264.1,264.1,0%,Región de Antofagasta
Línea 1x220 kV MMH - Tchitack,29,Retiro,264.1,203.1,203.1,203.1,203.1,203.1,203.1,203.1,203.1,"0,0%",185.1,190,190.2,188.8,189.4,189,189.7,189.6,0%,Región de Antofagasta
Línea 1x220 kV Encuentro - Tchitack,29,Retiro,264.1,128,129.1,129.2,128.9,129,129,129.1,129.1,"0,0%",264.1,264.1,264.1,264.1,264.1,264.1,264.1,264.1,0%,Región de Antofagasta
Línea 1x220 kV Encuentro - Rande,30,Inyección,342.9,342.9,342.9,342.9,342.9,342.9,342.9,342.9,342.9,"0,0%",62.7,62.7,62.7,62.7,62.7,62.7,62.7,62.7,0%,Región de Antofagasta
Línea 1x220 kV Encuentro - Sierra Gorda,31,Mixto,225.2,5.2,5.2,5.2,5.2,5.2,5.2,5.2,5.2,"0,0%",0,0,0,0,0,0,0,0,0%,Región de Antofagasta
Línea 1x220 kV Cerro Dominador - Encuentro,31,Mixto,325,3,3,3,3,3,3,3,3,"0,0%",129,129,129,129,129,129,129,129,0%,Región de Antofagasta
Línea 1x220 kV Cerro Dominador - PV Cerro Dominador,31,Inyección,256.4,256.4,256.4,256.4,256.4,256.4,256.4,256.4,256.4,"0,0%",156.5,156.5,156.5,156.5,156.5,156.5,156.5,156.5,0%,Región de Antofagasta
Línea 1x220 kV Cerro Dominador - Sierra Gorda,31,Mixto,288.5,68.5,68.5,68.5,68.5,68.5,68.5,68.5,68.5,"0,0%",0,0,0,0,0,0,0,0,0%,Región de Antofagasta
Línea 1x220 kV El Arriero - Sierra Gorda,31,Inyección,178.3,67.7,67.7,67.7,67.7,67.7,67.7,67.7,67.7,"0,0%",178.3,178.3,178.3,178.3,178.3,178.3,178.3,178.3,0%,Región de Antofagasta
Línea 1x220 kV Cerro Dominador - CSP Cerro Dominador,31,Inyección,329.2,329.2,329.2,329.2,329.2,329.2,329.2,329.2,329.2,"0,0%",221,221,221,221,221,221,221,221,0%,Región de Antofagasta
Línea 1x220 kV Sgo-Spence,32,Retiro,333.5,270.4,269.6,268.8,268.8,269.3,268.8,268.8,269.6,"0,0%",333.5,333.5,333.5,333.5,333.5,333.5,333.5,333.5,0%,Región de Antofagasta
Línea 1x220 kV Pallata - Encuentro,32,Mixto,363.1,190.2,190.2,190.2,190.2,190.2,190.2,190.2,190.2,"0,0%",194.8,192.6,190.6,190.6,191.9,190.6,190.6,192.6,0%,Región de Antofagasta
Línea 1x220 kV SGO - Pallata,32,Retiro,363.1,363.1,363.1,363.1,363.1,363.1,363.1,363.1,363.1,"0,0%",194.8,192.6,190.6,190.6,191.9,190.6,190.6,192.6,0%,Región de Antofagasta
Línea 1x220 kV Tchamma - Pallata,32,Inyección,282.7,109.8,109.8,109.8,109.8,109.8,109.8,109.8,109.8,"0,0%",282.7,282.7,282.7,282.7,282.7,282.7,282.7,282.7,0%,Región de Antofagasta
Línea 1x66 kV Caitán - Bombeo 2,33,Retiro,76.6,59.3,59.5,59.4,59.5,59.4,59.8,60.3,60.7,"0,0%",76.6,76.6,76.6,76.6,76.6,76.6,76.6,76.6,0%,Región de Antofagasta
Línea 1x66 kV Bombeo 2 (SGO)- Bombeo 3 (SGO),33,Retiro,47.1,38.5,38.5,38.5,38.5,38.5,38.7,38.9,39.1,"0,0%",47.1,47.1,47.1,47.1,47.1,47.1,47.1,47.1,0%,Región de Antofagasta
Línea 1x66 kV Caitán - Desalinizadora y Bombero,33,Retiro,47.1,23.9,23.5,23.8,23.6,23.8,23.6,24.2,24.8,"0,0%",47.1,47.1,47.1,47.1,47.1,47.1,47.1,47.1,0%,Región de Antofagasta
Transformador T1 Caitán 220/66 kV 60 MVA,33,Retiro,60,19,19,19,19,19,19,19,19,"0,0%",60,60,60,60,60,60,60,60,0%,Región de Antofagasta
Línea 1x220 kV Don Antonio - Ana María,34,Inyección,286.9,121.1,121.1,121.1,121.1,121.1,121.1,121.1,121.1,"0,0%",286.9,286.9,286.9,286.9,286.9,286.9,286.9,286.9,0%,Región de Antofagasta
Línea 1x220 kV Tap Oasis - Lasana,36,Inyección,325.4,325.4,325.4,325.4,325.4,325.4,325.4,325.4,325.4,"0,0%",145.2,145.2,145.2,145.2,145.2,145.2,145.2,145.2,0%,Región de Antofagasta
Línea 1x220 kV Lasana - Solar Jama,36,Inyección,333.8,333.8,333.8,333.8,333.8,333.8,333.8,333.8,333.8,"0,0%",153.6,153.6,153.6,153.6,153.6,153.6,153.6,153.6,0%,Región de Antofagasta
Línea 1x220 kV Calama Nueva - Tap Oasis,36,Inyección,334.6,334.6,334.6,334.6,334.6,334.6,334.6,334.6,334.6,"0,0%",0,0,0,0,0,0,0,0,0%,Región de Antofagasta
Línea 1x220 kV Tap Oasis - Lasana,36,Inyección,334.6,334.6,334.6,334.6,334.6,334.6,334.6,334.6,334.6,"0,0%",154.4,154.4,154.4,154.4,154.4,154.4,154.4,154.4,0%,Región de Antofagasta
Línea 1x220 kV Oasis - Tap Oasis,36,Inyección,340.3,126.9,126.9,126.9,126.9,126.9,126.9,126.9,126.9,"0,0%",340.3,340.3,340.3,340.3,340.3,340.3,340.3,340.3,0%,Región de Antofagasta
Línea 1x220 kV Tap Off Quillagua - PEQ,201,Inyección,291.5,291.5,291.5,291.5,291.5,291.5,291.5,291.5,291.5,"0,0%",196.4,196.4,196.4,196.4,196.4,196.4,196.4,196.4,0%,Región de Antofagasta
Línea 1x220 kV Tap Off Quillagua - Frontera,201,Mixto,223.3,223.3,223.3,223.3,223.3,223.3,223.3,223.3,223.3,"0,0%",131.2,131.2,131.2,131.2,131.2,131.2,131.2,131.2,0%,Región de Antofagasta
Línea 1x110 kV Elevadora Capricornio - Capricornio,181,Inyección,121.9,39.9,39.9,39.9,39.9,39.9,39.9,39.9,39.9,"0,0%",121.9,121.9,121.9,121.9,121.9,121.9,121.9,121.9,0%,Región de Antofagasta
Línea 1x110 kV Chiu Chiu - Calama Nueva,206,Inyección,156.4,43.4,43.4,43.4,43.4,43.4,43.4,43.4,43.4,"0,0%",155.9,155.9,155.9,155.9,155.9,155.9,155.9,155.9,0%,Región de Antofagasta
Línea 1x110 kV Usya - Chiu Chiu,206,Inyección,68.6,13.6,13.6,13.6,13.6,13.6,13.6,13.6,13.6,"0,0%",68.6,68.6,68.6,68.6,68.6,68.6,68.6,68.6,0%,Región de Antofagasta
Línea 1x220 kV Tap Off El Loa - El Loa,13,Retiro,286.9,262.9,261.4,261.4,261.4,261.4,261.4,261.4,261.4,"0,0%",286.9,286.9,286.9,286.9,286.9,286.9,286.9,286.9,0%,Región de Antofagasta
Línea 1x220 kV Valle Del Sol - Miraje,230,Inyección,614.3,464.6,464.6,464.6,464.6,464.6,464.6,464.6,464.6,"0,0%",614.3,614.3,614.3,614.3,614.3,614.3,614.3,614.3,0%,Región de Antofagasta
Línea 1x220 kV Sol De Lila - Andes,22,Inyección,365.8,216.6,216.6,216.6,216.6,216.6,216.6,216.6,216.6,"0,0%",365.8,365.8,365.8,365.8,365.8,365.8,365.8,365.8,0%,Región de Antofagasta
Línea 1x110 kV Pellets - Nueva Pellets,37,Retiro,87.6,75.9,75.9,75.9,75.9,75.9,75.9,75.9,75.9,"0,0%",87.6,87.6,87.6,87.6,87.6,87.6,87.6,87.6,0%,Región de Atacama
Línea 2x110 kV Huasco - Pellets,37,Retiro,112,65,65,65,65,65,65,65,65,"0,0%",112,112,112,112,112,112,112,112,0%,Región de Atacama
Línea 2x110 kV Huasco - Maitencillo,37,Mixto,46.5,0,0,0,0,0,0,0,0,"0,0%",20.9,20.9,20.9,20.3,20.3,18.6,17.4,15.1,-30%,Región de Atacama
Línea 1x110 kV Punta Toro - Chuscampis,38,Mixto,62.3,59.3,59.3,59.3,59.3,59.3,59.3,59.3,59.3,"0,0%",52.3,52.3,52.3,52.3,52.3,52.3,52.3,52.3,0%,Región de Atacama
Línea 1x110 kV Maitencillo - Punta Toro,38,Mixto,62.3,52.3,52.3,52.3,52.3,52.3,52.3,52.3,52.3,"0,0%",59.3,59.3,59.3,59.3,59.3,59.3,59.3,59.3,0%,Región de Atacama
Línea 1x110 kV Chuschampis - Castilla,38,Mixto,62.3,59.3,59.3,59.3,59.3,59.3,59.3,59.3,59.3,"0,0%",52.3,52.3,52.3,52.3,52.3,52.3,52.3,52.3,0%,Región de Atacama
Línea 1x110 kV Tap Punta Toro - Los Colorados,38,Mixto,37.5,27.5,27.5,27.5,27.5,27.5,27.5,27.5,27.5,"0,0%",37.5,37.5,37.5,37.5,37.5,37.5,37.5,37.5,0%,Región de Atacama
Línea 2x220 kV Tap Jorquera - Caserones,39,Mixto,395.5,280.3,282.7,279.5,279.5,279.5,283.5,279.5,279.5,"0,0%",104.1,104.1,104.1,104.1,104.1,104.1,104.1,104.1,0%,Región de Atacama
Línea 2x220 kV Maitencillo - Tap Jorquera,39,Mixto,303.5,159.5,162.5,158.5,158.5,158.5,163.5,158.5,158.5,"0,0%",12.1,12.1,12.1,12.1,12.1,12.1,12.1,12.1,0%,Región de Atacama
Línea 1x110 kV Rio Huasco - Tap Rio Huasco,40,Inyección,51.3,46.2,46.2,46.2,46.2,46.2,46.2,46.2,46.2,"0,0%",51.3,51.3,51.3,51.3,51.3,51.3,51.3,51.3,0%,Región de Atacama
Línea 1x220 kV Cerro Negro Norte - Totoralillo,41,Retiro,262.6,259.1,259.1,259.1,259.1,259.1,259.1,259.1,259.1,"0,0%",262.6,262.6,262.6,262.6,262.6,262.6,262.6,262.6,0%,Región de Atacama
Línea 1x220 kV Llano de Llampos - Seccionadora Llano De Llampos,41,Inyección,195.1,94.1,94.1,94.1,94.1,94.1,94.1,94.1,94.1,"0,0%",195.1,195.1,195.1,195.1,195.1,195.1,195.1,195.1,0%,Región de Atacama
Línea 1x220 kV Seccionadora Llano de Llampos - Plantas*,41,Mixto,337.2,306.7,306.7,306.7,306.7,306.7,306.7,306.7,306.7,"0,0%",236.2,236.2,236.2,236.2,236.2,236.2,236.2,236.2,0%,Región de Atacama
Línea 1x220 kV Seccionadora Llano de Llampos - Cerro Negro Norte,41,Retiro,262.6,232.1,232.1,232.1,232.1,232.1,232.1,232.1,232.1,"0,0%",262.6,262.6,262.6,262.6,262.6,262.6,262.6,262.6,0%,Región de Atacama
Línea 1x110 kV Manto Verde - Bombeo 2,42,Retiro,88.4,77.4,77.4,77.4,77.4,77.4,77.4,77.4,77.4,"0,0%",7.6,7.6,7.6,7.6,7.6,7.6,7.6,7.6,0%,Región de Atacama
Línea 1x110 kV Diego de Almagro - Manto Verde,42,Retiro,87.8,76.3,76.3,76.3,76.3,76.3,76.3,76.3,76.3,"0,0%",7,7,7,7,7,7,7,7,0%,Región de Atacama
Línea 1x110 kV Bombeo 2 - Planta Desaladora y Bombeo N°1,42,Retiro,90.3,83.3,83.3,83.3,83.3,83.3,83.3,83.3,83.3,"0,0%",90.3,90.3,90.3,90.3,90.3,90.3,90.3,90.3,0%,Región de Atacama
Línea 1x110 kV Diego de Almagro - Tap Chañares,43,Inyección,99.8,97.3,97.2,97.1,97,96.8,96.7,96.5,96.3,"0,0%",54.9,54.9,54.9,54.9,54.9,54.9,54.9,54.9,0%,Región de Atacama
Línea 1x110 kV Tap Chañares - Chañares,43,Inyección,126.9,82,82,82,82,82,82,82,82,"0,0%",126.9,126.9,126.9,126.9,126.9,126.9,126.9,126.9,0%,Región de Atacama
Línea 1x110 kV Cerrillos - Los Loros,45,Inyección,81.4,69.7,69.7,69.7,68.2,68.2,68.2,68.2,65.6,"-10,0%",31.4,31.4,31.4,31.4,31.4,31.4,31.4,31.4,0%,Región de Atacama
Línea 1x110 kV Los Loros - Central Parque Solar Los Loros,45,Inyección,112,111.8,111.8,111.8,111.8,111.8,111.8,111.8,111.8,"0,0%",12,12,12,12,12,12,12,12,0%,Región de Atacama
Línea 1x110 kV PFV Javiera - Tap Planta Oxido,46,Retiro,52.8,29.8,29.8,29.8,29.8,29.8,29.8,29.8,29.8,"0,0%",52.8,52.8,52.8,52.8,52.8,52.8,52.8,52.8,0%,Región de Atacama
Línea 1x110 kV Diego de Almagro - PFV Javiera,46,Mixto,70.3,57.5,57.5,57.5,57.4,57.4,57.4,57.4,57.4,"0,0%",7,7,7,7,7,7,7,7,0%,Región de Atacama
Línea 1x110 kV Tap Planta Oxido - Tap Las Luces,46,Retiro,56.3,40.2,40.2,40.2,40.2,40.2,40.2,40.2,40.1,"0,0%",56.3,56.3,56.3,56.3,56.3,56.3,56.3,56.3,0%,Región de Atacama
Línea 1x220 kV Tap El Romero - El Romero,47,Inyección,271.7,271.7,271.7,271.7,271.7,271.7,271.7,271.7,271.7,"0,0%",75.7,75.7,75.7,75.7,75.7,75.7,75.7,75.7,0%,Región de Atacama
Línea 1x220 kV Luz del Norte - Carrera Pinto,48,Inyección,301.8,60.5,60.5,60.5,60.5,60.5,60.5,60.5,60.5,"0,0%",301.8,301.8,301.8,301.8,301.8,301.8,301.8,301.8,0%,Región de Atacama
Transformador Travesia 110/23 kV 12MVA1,49,Mixto,15,10.9,10.9,10.9,10.9,10.9,10.9,10.9,10.9,"0,0%",0,0,0,0,0,0,0,0,0%,Región de Atacama
Línea 1x110 kV Tap Off EB2 - EB2,49,Mixto,111.1,103.6,103.6,103.6,103.6,103.6,103.6,103.6,103.6,"0,0%",108.1,108.1,108.1,108.1,108.1,108.1,108.1,108.1,0%,Región de Atacama
Línea 1x110 kV Caldera - Punta Padrones*,49,Retiro,111.1,111.1,111.1,111.1,111.1,111.1,111.1,111.1,111.1,"0,0%",102.4,102.4,102.4,102.4,102.4,102.4,102.4,102.4,0%,Región de Atacama
Línea 1x110 kV Tierra Amarilla - Atacama Kozan,50,Retiro,61.9,49.8,49.8,49.8,49.8,49.8,49.8,49.8,49.8,"0,0%",61.9,61.9,61.9,61.9,61.9,61.9,61.9,61.9,0%,Región de Atacama
Línea 1x110 kV Copayapu - Tierra Amarilla,50,Retiro,61.9,33.9,33.9,33.9,33.9,33.9,33.9,33.9,33.9,"0,0%",61.9,61.9,61.9,61.9,61.9,61.9,61.9,61.9,0%,Región de Atacama
Línea 1x110 kV Diego de Almagro - Central Andes Generación,51,Inyección,69,69,69,69,69,69,69,69,69,"0,0%",34.8,34.8,34.8,34.8,34.8,34.8,34.8,34.8,0%,Región de Atacama
Línea 1x220 kV Carrera Pinto - Pastora,52,Inyección,278.2,278.2,278.2,278.2,278.2,278.2,278.2,278.2,278.2,"0,0%",187.5,187.5,187.5,187.5,187.5,187.5,187.5,187.5,0%,Región de Atacama
Línea 1x220 kV El Pelicano - Don Hector,53,Inyección,152,47,47,47,47,47,47,47,47,"0,0%",152,152,152,152,152,152,152,152,0%,Región de Atacama
Línea 1x110 kV Pajonales - Tap Pajonales,54,Retiro,2,0.6,0.6,0.6,0.6,0.6,0.6,0.6,0.6,"0,0%",0.6,0.6,0.6,0.6,0.6,0.6,0.6,0.6,0%,Región de Atacama
Línea 1x220 kV Tap Pajonales - Dos Amigos,54,Mixto,79.4,44.5,44.5,44.5,44.5,44.5,44.5,44.5,44.5,"0,0%",31,31,31,31,31,31,31,31,0%,Región de Atacama
Línea 1x110 kV Cardones - Refugio,55,Retiro,109.7,94.7,94.7,94.7,94.7,94.7,94.7,94.7,94.7,"0,0%",65,65,65,65,65,65,65,65,0%,Región de Atacama
Línea 1x110 kV Carrera Pinto - La Coipa,56,Retiro,295.7,201.7,201.7,201.7,201.7,201.7,201.7,201.7,201.7,"0,0%",295.7,295.7,295.7,295.7,295.7,295.7,295.7,295.7,0%,Región de Atacama
Línea 1x220 kV Cardones - Minera La Candelaria,57,Retiro,285,177.3,177.3,177.3,177.3,177.3,177.3,177.3,177.3,"0,0%",285,285,285,285,285,285,285,285,0%,Región de Atacama
Línea 1x110 kV Diego de Almagro - Franke,58,Retiro,63,40.4,40.4,40.4,40.4,40.4,40.4,40.4,40.4,"0,0%",54,54,54,54,54,54,54,54,0%,Región de Atacama
Línea 1x110 kV Cardones - Magnetita,59,Retiro,46.5,28.7,28.7,28.7,28.7,28.7,28.7,28.7,28.7,"0,0%",46.5,46.5,46.5,46.5,46.5,46.5,46.5,46.5,0%,Región de Atacama
Línea 1x110 kV Cardones - Planta Matta,60,Retiro,63.4,13.4,13.4,13.4,13.4,13.4,13.4,13.4,13.4,"0,0%",63.4,63.4,63.4,63.4,63.4,63.4,63.4,63.4,0%,Región de Atacama
Línea 1x110 kV Central Cenizas - Cardones,61,Inyección,47.6,33.7,33.7,33.7,33.7,33.7,33.7,33.7,33.7,"0,0%",47.6,47.6,47.6,47.6,47.6,47.6,47.6,47.6,0%,Región de Atacama
Línea 1x220 kV Cardones - Central Cardones,62,Inyección,262.9,262.9,262.9,262.9,262.9,262.9,262.9,262.9,262.9,"0,0%",108.4,108.4,108.4,108.4,108.4,108.4,108.4,108.4,0%,Región de Atacama
Línea 1x220 kV Cardones - Medellin,63,Inyección,288.1,288.1,288.1,288.1,288.1,288.1,288.1,288.1,288.1,"0,0%",183.5,183.5,183.5,183.5,183.5,183.5,183.5,183.5,0%,Región de Atacama
Línea 1x110 kV Central Emelda - Diego de Almagro,64,Inyección,112.4,9.1,9.1,9.1,9.1,9.1,9.1,9.1,9.1,"0,0%",112.4,112.4,112.4,112.4,112.4,112.4,112.4,112.4,0%,Región de Atacama
Línea 1 - 2x220 kV Guacolda - Maitencillo,65,Inyección,431.3,1.4,1.4,1.4,1.4,1.4,1.4,1.4,272.8,"19530,0%",431.3,431.3,431.3,431.3,431.3,431.3,431.3,431.3,0%,Región de Atacama
Línea 2 - 2x220 kV Guacolda - Maitencillo,65,Inyección,263.7,7.7,7.7,7.7,7.7,7.7,7.7,7.7,147.2,"1820,0%",431.3,431.3,431.3,431.3,431.3,431.3,431.3,431.3,0%,Región de Atacama
Línea 1x110 kV Tap Impulsion - Impulsion,66,Retiro,69.8,66.8,66.8,66.8,66.8,66.8,66.8,66.8,66.8,"0,0%",69.8,69.8,69.8,69.8,69.8,69.8,69.8,69.8,0%,Región de Atacama
Línea 1x220 kV San Lorenzo - Diego de Almagro,67,Mixto,286.6,81.1,81.1,81.1,81.1,81.1,81.1,81.1,81.1,"0,0%",85.3,85.3,85.3,85.3,85.3,85.3,85.3,85.3,0%,Región de Atacama
Línea 1x220 kV Maitencillo - Agrosuper,68,Mixto,197.4,33.2,33.2,33.2,33.2,33.2,33.2,33.2,33.2,"0,0%",0,0,0,0,0,0,0,0,0%,Región de Atacama
Línea 1x220 kV Iberatacama - Maitencillo,69,Inyección,368.9,0,0,0,0,0,0,0,0,"0,0%",368.9,368.9,368.9,368.9,368.9,368.9,368.9,368.9,0%,Región de Atacama
Línea 1x220 kV Iberatacama - Central Parque Eolico Cabo Leones I,69,Inyección,398.6,29.3,29.3,29.3,29.3,29.3,29.3,29.3,29.3,"0,0%",398.6,398.6,398.6,398.6,398.6,398.6,398.6,398.6,0%,Región de Atacama
Línea 1x220 kV Cabo Leones II - Iberatacama,69,Inyección,368.9,163.6,163.6,163.6,163.6,163.6,163.6,163.6,163.6,"0,0%",368.9,368.9,368.9,368.9,368.9,368.9,368.9,368.9,0%,Región de Atacama
Línea 2x220 kV Iberatacama - Maitencillo,69,Inyección,396.6,0,0,0,0,0,0,0,0,"0,0%",396.6,396.6,396.6,396.6,396.6,396.6,396.6,396.6,0%,Región de Atacama
Línea 1x220 kV Maitencillo - Sarco,70,Inyección,310.2,73.6,73.6,73.6,73.6,73.6,73.6,73.6,73.6,"0,0%",310.2,310.2,310.2,310.2,310.2,310.2,310.2,310.2,0%,Región de Atacama
Línea 1x220 kV Don Hector - Central Pajonales,71,Inyección,288.5,25.1,25.1,25.1,25.1,25.1,25.1,25.1,25.1,"0,0%",288.5,288.5,288.5,288.5,288.5,288.5,288.5,288.5,0%,Región de Atacama
Línea 1x220 kV La Huella - Don Hector,72,Inyección,285.4,201.4,201.4,201.4,201.4,201.4,201.4,201.4,201.4,"0,0%",285.4,285.4,285.4,285.4,285.4,285.4,285.4,285.4,0%,Región de Atacama
Linea 1x220 kV Cumbres - Malgarida,73,Inyección,347.1,90.5,90.5,90.5,90.5,90.5,90.5,90.5,90.5,"0,0%",347.1,347.1,347.1,347.1,347.1,347.1,347.1,347.1,0%,Región de Atacama
Línea 1x220 kV Malgarida - Almeyda,73,Inyección,289.1,233.1,233.1,233.1,233.1,233.1,233.1,233.1,233.1,"0,0%",289.1,289.1,289.1,289.1,289.1,289.1,289.1,289.1,0%,Región de Atacama
Línea 1x220 kV Inca de Oro - Illapa,196,Inyección,287.7,49.7,49.7,49.7,49.7,49.7,49.7,49.7,49.7,"0,0%",287.7,287.7,287.7,287.7,287.7,287.7,287.7,287.7,0%,Región de Atacama
Línea 1x220 kV Campos del Sol - Carrera Pinto,197,Inyección,621.1,222.1,222.1,222.1,222.1,222.1,222.1,222.1,222.1,"0,0%",621.1,621.1,621.1,621.1,621.1,621.1,621.1,621.1,0%,Región de Atacama
Línea 1x220 kV Valle Escondido - Cardones,198,Inyección,298.2,48.2,48.2,48.2,48.2,48.2,48.2,48.2,48.2,"0,0%",298.2,298.2,298.2,298.2,298.2,298.2,298.2,298.2,0%,Región de Atacama
Línea 1x220 kV Rio Escondido - Valle Escondido,198,Inyección,298.2,153.2,153.2,153.2,153.2,153.2,153.2,153.2,153.2,"0,0%",298.2,298.2,298.2,298.2,298.2,298.2,298.2,298.2,0%,Región de Atacama
Línea 1x220 kV Bella Monica - Illapa,208,Inyección,630.3,260.7,260.7,260.7,260.7,260.7,260.7,260.7,260.7,"0,0%",630.3,630.3,630.3,630.3,630.3,630.3,630.3,630.3,0%,Región de Atacama
Línea 2x110 kV Diego de Almagro - Llanta,225,Mixto,100,66.5,66.5,66.5,66.5,66.5,66.5,66.5,66.5,"0,0%",78.5,78.5,78.5,78.5,78.5,78.5,78.5,78.5,0%,Región de Atacama
Línea 2x110 Kv Llanta - Salvador,225,Mixto,54.9,46.2,46.2,46.2,46.2,46.2,46.2,46.2,46.2,"0,0%",37.4,37.4,37.4,37.4,37.4,37.4,37.4,37.4,0%,Región de Atacama
Línea 1x110 kV Tap PV Salvador - PV Salvador,225,Inyección,120.2,120.2,120.2,120.2,120.2,120.2,120.2,120.2,120.2,"0,0%",55.5,55.5,55.5,55.5,55.5,55.5,55.5,55.5,0%,Región de Atacama
Línea 1x110 kV Sol de los Andes - Rio Salado,225,Inyección,107.5,26.4,26.4,26.4,26.4,26.4,26.4,26.4,26.4,"0,0%",107.5,107.5,107.5,107.5,107.5,107.5,107.5,107.5,0%,Región de Atacama
Línea 1x110 kV Tap PV Salvador - Salvador,225,Inyección,67.8,59.3,59.3,59.3,59.3,59.3,59.3,59.3,59.3,"0,0%",47,47,47,47,47,47,47,47,0%,Región de Atacama
Línea 2x110 kV Llanta - Potrerillos,225,Mixto,100,95.1,95.1,95.1,95.1,95.1,95.1,95.1,95.1,"0,0%",70.6,70.6,70.6,70.6,70.6,70.6,70.6,70.6,0%,Región de Atacama
Línea 1x110 kV Diego de Almagro - Tap PV Salvador,225,Mixto,67.8,46.2,46.2,46.2,46.2,46.2,46.2,46.2,46.2,"0,0%",11.2,11.2,11.2,11.2,11.2,11.2,11.2,11.2,0%,Región de Atacama
Línea 1x110 kV Diego de Almagro - Río Salado,225,Mixto,106.5,71.3,71.3,71.3,71.3,71.3,71.3,71.3,71.3,"0,0%",29.9,29.9,29.9,29.9,29.9,29.9,29.9,29.9,0%,Región de Atacama
Línea 1x110 kV Río Salado - Potrerillos,225,Retiro,106.3,101.3,101.3,101.3,101.3,101.3,101.3,101.3,101.3,"0,0%",71.5,71.5,71.5,71.5,71.5,71.5,71.5,71.5,0%,Región de Atacama
Línea 1x110 kV C.R. Maitencillo - Maitencillo,241,Inyección,155.7,87.3,87.3,87.3,87.3,87.3,87.3,87.3,87.3,"0,0%",155.7,155.7,155.7,155.7,155.7,155.7,155.7,155.7,0%,Región de Atacama
Línea 1x220 kV Tap Talinay - Talinay,74,Inyección,302.9,302.9,302.9,302.9,302.9,302.9,302.9,302.9,302.9,"0,0%",71.9,71.9,71.9,71.9,71.9,71.9,71.9,71.9,0%,Región de Coquimbo
Línea 1x220 kV Tap Talinay - La Cebada 220,74,Mixto,197.4,123.6,123.6,123.6,123.6,123.6,123.6,123.6,123.6,"0,0%",164.9,164.9,164.9,164.9,164.9,164.9,164.9,164.9,0%,Región de Coquimbo
Línea 1x220 kV El Arrayan - Don Goyo,75,Inyección,293,93,93,93,93,93,93,93,93,"0,0%",293,293,293,293,293,293,293,293,0%,Región de Coquimbo
Línea 1x220 kV Las Palmas - Punta Palmeras,76,Inyección,298.7,298.7,298.7,298.7,298.7,298.7,298.7,298.7,298.7,"0,0%",254,254,254,254,254,254,254,254,0%,Región de Coquimbo
Línea 1x220 kV Punta Colorada - Parque Eolico San Juan,77,Inyección,280.5,280.5,280.5,280.5,280.5,280.5,280.5,280.5,280.5,"0,0%",91.1,91.1,91.1,91.1,91.1,91.1,91.1,91.1,0%,Región de Coquimbo
Línea 1x110 kV Central Las Piedras - El Peñon,78,Inyección,148.8,55.8,55.8,55.8,55.8,55.8,55.8,55.8,55.8,"0,0%",148.8,148.8,148.8,148.8,148.8,148.8,148.8,148.8,0%,Región de Coquimbo
Línea 1x220 kV Los Espinos - Los Vilos,79,Inyección,282.2,49.2,49.2,49.2,49.2,49.2,49.2,49.2,49.2,"0,0%",282.2,282.2,282.2,282.2,282.2,282.2,282.2,282.2,0%,Región de Coquimbo
Línea 1x220 kV Las Palmas - Totoral 2,80,Inyección,217.6,217.6,217.6,217.6,217.6,217.6,217.6,217.6,217.6,"0,0%",172,172,172,172,172,172,172,172,0%,Región de Coquimbo
Transformador N°1 Totoral 220/66 kV 50MVA,80,Inyección,50,50,50,50,50,50,50,50,50,"0,0%",4.5,4.5,4.5,4.5,4.5,4.5,4.5,4.5,0%,Región de Coquimbo
Línea 1x66 kV Totoral 1 - Totoral 2,80,Inyección,43.7,0,0,0,0,0,0,0,0,"0,0%",43.7,43.7,43.7,43.7,43.7,43.7,43.7,43.7,0%,Región de Coquimbo
Línea 1x220 kV Elevadora Canela II - Las Palmas 220 kV,81,Inyección,247.7,124.3,124.3,124.3,124.3,124.3,124.3,124.3,124.3,"0,0%",247.7,247.7,247.7,247.7,247.7,247.7,247.7,247.7,0%,Región de Coquimbo
Línea 1x110 kV Vicuña - Baños del Toro,82,Inyección,52.4,48.6,48.8,48.6,48.6,48.4,48.3,48,47.8,"0,0%",52.4,52.4,52.4,52.4,52.4,52.4,52.4,52.4,0%,Región de Coquimbo
Línea 1x220 kV Tap Llanos Blancos (Estructura N°77) - Minera Teck,83,Mixto,223.6,159.6,159.6,159.6,159.6,159.6,159.6,159.6,159.6,"0,0%",73.6,73.6,73.6,73.6,73.6,73.6,73.6,73.6,0%,Región de Coquimbo
Línea 1x110 kV El Peñon - Minera Teck CDA,83,Retiro,73.4,67.4,67.4,67.4,67.4,67.4,67.4,67.4,67.4,"0,0%",73.4,73.4,73.4,73.4,73.4,73.4,73.4,73.4,0%,Región de Coquimbo
Línea 1x220 kV Tap Llanos Blancos (Estructura N°77) - S/E Tap Off Llanos Blancos,83,Mixto,299.3,235.3,235.3,235.3,235.3,235.3,235.3,235.3,235.3,"0,0%",149.3,149.3,149.3,149.3,149.3,149.3,149.3,149.3,0%,Región de Coquimbo
Línea 1x220 kV C.R. Llanos Blancos - S/E Tap Off Llanos Blancos,83,Mixto,299.3,235.3,235.3,235.3,235.3,235.3,235.3,235.3,235.3,"0,0%",149.3,149.3,149.3,149.3,149.3,149.3,149.3,149.3,0%,Región de Coquimbo
Línea 1x220 kV Pan De Azucar - Tap Llanos Blancos (Estructura N°77),83,Mixto,223.6,159.6,159.6,159.6,159.6,159.6,159.6,159.6,159.6,"0,0%",73.6,73.6,73.6,73.6,73.6,73.6,73.6,73.6,0%,Región de Coquimbo
Línea 1x220 kV Tap Monte Redondo - Est. 234B,85,Mixto,197.4,30.8,30.8,30.8,30.8,30.8,30.8,30.8,30.8,"0,0%",57.9,57.9,57.9,57.9,57.9,57.9,57.9,57.9,0%,Región de Coquimbo
Línea 1x220 kV La Cebada - Tap Monte Redondo,85,Mixto,197.4,30.8,30.8,30.8,30.8,30.8,30.8,30.8,30.8,"0,0%",57.9,57.9,57.9,57.9,57.9,57.9,57.9,57.9,0%,Región de Coquimbo
Línea 1x110 kV Ovalle - Tap Punitaqui,86,Mixto,67.4,0,0,0,0,0,0,0,0,"0,0%",67.1,67.1,67.1,67.1,67.1,67.1,67.1,67.1,0%,Región de Coquimbo
Línea 1x220 kV Central Chagual - Los Vilos,87,Inyección,287.7,185.5,185.5,185.5,185.5,185.5,185.5,185.5,185.5,"0,0%",287.7,287.7,287.7,287.7,287.7,287.7,287.7,287.7,0%,Región de Coquimbo
Línea 2x66 kV Los Molles - Monte Patria,160,Retiro,28.6,10.6,10.6,10.6,10.6,10.6,10.6,10.6,10.6,"0,0%",22.6,22.6,22.6,22.6,22.6,22.6,22.6,22.6,0%,Región de Coquimbo
Línea 1x110 kV Central Los Olivos - Choapa,211,Inyección,141.1,41.1,41.1,41.1,41.1,41.1,41.1,41.1,41.1,"0,0%",141.1,141.1,141.1,141.1,141.1,141.1,141.1,141.1,0%,Región de Coquimbo
Línea 1x220 kV Tap Off Estructura N°248 - S/E Central Combarbala,212,Inyección,146.1,70.2,70.2,70.2,70.2,70.2,70.2,70.2,70.2,"0,0%",146.1,146.1,146.1,146.1,146.1,146.1,146.1,146.1,0%,Región de Coquimbo
Línea 1x220 kV Tres Quebradas - Lama,238,Retiro,184.8,184.8,184.8,184.8,184.8,184.8,184.8,184.8,184.8,"0,0%",86,86,86,86,86,86,86,86,0%,Región de Coquimbo
Línea 1x220 Kv Punta Colorada - Tres Quebradas,238,Retiro,186,186,186,186,186,186,186,186,186,"0,0%",84.8,84.8,84.8,84.8,84.8,84.8,84.8,84.8,0%,Región de Coquimbo
Línea 1x66 kV Aconcagua - SASPPC,88,Mixto,40.1,18,18,18,18,18,18,18,18,"0,0%",5.1,5.1,5.1,5.1,18,18,18,18,250%,Región de Valparaíso
Línea 1x66 kV Km 21 - Mina,88,Mixto,60,41.6,41.6,41.6,41.6,41.6,41.6,41.6,41.6,"0,0%",41.6,41.6,41.6,41.6,41.6,41.6,41.6,41.6,0%,Región de Valparaíso
Línea 1x110 kV Central Los Quilos - Los Maquis,88,Mixto,77.9,38.9,38.9,38.9,38.9,38.9,38.9,38.9,38.9,"0,0%",57.7,57.7,57.7,57.7,57.7,57.7,57.7,57.7,0%,Región de Valparaíso
Línea 1x66 kV Km 21 - Refugio Km 21,88,Mixto,#VALUE!,#VALUE!,#VALUE!,#VALUE!,#VALUE!,#VALUE!,#VALUE!,#VALUE!,#VALUE!,"0,0%",#VALUE!,#VALUE!,#VALUE!,#VALUE!,#VALUE!,#VALUE!,#VALUE!,#VALUE!,0%,Región de Valparaíso
Transformador N°4 Los Quilos 110/66/12 kV 50 MVA,88,Mixto,40,1,1,1,1,1,1,1,1,"0,0%",20,20,20,20,20,20,20,20,0%,Región de Valparaíso
Transformador N°3 Aconcagua 110/66/12 kV 40 MVA,88,Mixto,50,12.8,12.8,12.8,12.8,12.8,12.8,12.8,12.8,"0,0%",12.8,12.8,12.8,12.8,12.8,12.8,12.8,12.8,0%,Región de Valparaíso
Línea 1x110 kV Tap Los Maquis - Aconcagua,88,Mixto,68.2,0,0,0,0,0,0,0,0,"0,0%",51.7,51.7,51.7,51.7,51.7,51.7,51.7,51.7,0%,Región de Valparaíso
Línea 1x66 kV Los Quilos - Aconcagua,88,Mixto,59.8,0,0,0,0,0,0,0,0,"0,0%",0,0,0,0,0,0,0,0,0%,Región de Valparaíso
Línea 2x66 kV Saladillo - Km 21,88,Mixto,85.9,72.1,72.1,72.1,72.1,72.1,72.1,72.1,72.1,"0,0%",72.1,72.1,72.1,72.1,72.1,72.1,72.1,72.1,0%,Región de Valparaíso
Línea 1x66 kV Mina - Molinos,88,Mixto,#VALUE!,#VALUE!,#VALUE!,#VALUE!,#VALUE!,#VALUE!,#VALUE!,#VALUE!,#VALUE!,"0,0%",#VALUE!,#VALUE!,#VALUE!,#VALUE!,#VALUE!,#VALUE!,#VALUE!,#VALUE!,0%,Región de Valparaíso
Línea 1x66 kV Aconcagua - Saladillo,88,Mixto,40.2,20.4,20.4,20.4,20.4,20.4,20.4,20.4,20.4,"0,0%",5.2,5.2,5.2,5.2,20.4,20.4,20.4,20.4,290%,Región de Valparaíso
Línea 1x66 kV SASPPC - Saladillo,88,Mixto,50.9,33.6,33.6,33.6,33.6,33.6,33.6,33.6,33.6,"0,0%",15.9,15.9,15.9,15.9,33.6,33.6,33.6,33.6,110%,Región de Valparaíso
Línea 1x110 kV Tap Codelco Ventanas - Codelco Ventanas 1,89,Retiro,61,16,16,16,16,16,16,16,16,"0,0%",61,61,61,61,61,61,61,61,0%,Región de Valparaíso
Línea 1x110 kV Codelco Ventanas 1 - Codelco Ventanas 2,89,Retiro,61,32.6,32.6,32.6,32.6,32.6,32.6,32.6,32.6,"0,0%",61,61,61,61,61,61,61,61,0%,Región de Valparaíso
Línea 2x220 kV  Quillota - Tap Mauro,90,Retiro,214.2,3.2,3.2,3.2,3.2,3.2,3.2,3.2,3.2,"0,0%",49,49,49,49,49,49,49,49,0%,Región de Valparaíso
Línea 2x220 kV Quillota - Tap Mauro,90,Retiro,214.2,3.2,3.2,3.2,3.2,3.2,3.2,3.2,3.2,"0,0%",49,49,49,49,49,49,49,49,0%,Región de Valparaíso
Línea 1x220 kV  Tap Mauro - Mauro,90,Retiro,175.3,153.3,153.3,153.3,153.3,153.3,153.3,153.3,153.3,"0,0%",175.3,175.3,175.3,175.3,175.3,175.3,175.3,175.3,0%,Región de Valparaíso
Línea 1x110 kV La Calera - El Cobre,91,Retiro,72.4,49.1,49.1,49.1,49.1,49.1,49.1,49.1,49.1,"0,0%",8.1,8.1,8.1,8.1,8.1,8.1,8.1,8.1,0%,Región de Valparaíso
Línea 1x220 kV Tap El Llano - SAG,92,Mixto,194.3,161.9,161.9,161.9,161.9,161.9,161.9,161.9,161.9,"0,0%",177.1,177.1,177.1,177.1,177.1,177.1,177.1,177.1,0%,Región de Valparaíso
Línea 1x220 kV Los Maquis - Cordillera,92,Mixto,157,118.1,118.1,118.1,118.1,118.1,118.1,118.1,118.1,"0,0%",74.8,74.8,74.8,74.8,74.8,74.8,74.8,74.8,0%,Región de Valparaíso
Línea 1x220 kV Cordillera - SAG,92,Mixto,216.4,184.1,184.1,184.1,184.1,184.1,184.1,184.1,184.1,"0,0%",169.8,169.8,169.8,169.8,169.8,169.8,169.8,169.8,0%,Región de Valparaíso
Línea 2x110 kV Torquemada - Mauco,93,Mixto,151.5,125.2,125.2,125.2,125.2,125.2,125.2,125.2,125.2,"0,0%",130.2,130.2,130.2,130.2,130.2,130.2,130.2,130.2,0%,Región de Valparaíso
Línea 1x220 kV Nehuenco Ii N2 - San Luis,94,Inyección,270.5,125.2,125.2,125.2,125.2,125.2,125.2,125.2,125.2,"0,0%",270.5,270.5,270.5,270.5,270.5,270.5,270.5,270.5,0%,Región de Valparaíso
Línea 1x220 kV Nehuenco Ii N1 - San Luis,94,Inyección,270.5,28.5,28.5,28.5,28.5,28.5,28.5,28.5,28.5,"0,0%",270.5,270.5,270.5,270.5,270.5,270.5,270.5,270.5,0%,Región de Valparaíso
Línea 1x220 kV Nehuenco I N1 - San Luis,94,Inyección,325,110,110,110,110,110,110,110,110,"0,0%",325,325,325,325,325,325,325,325,0%,Región de Valparaíso
Línea 1x220 kV Nehuenco Iii - San Luis,94,Inyección,270.5,163.6,163.6,163.6,163.6,163.6,163.6,163.6,163.6,"0,0%",270.5,270.5,270.5,270.5,270.5,270.5,270.5,270.5,0%,Región de Valparaíso
Línea 1x220 kV Nehuenco I N2 - San Luis,94,Inyección,325,213.1,213.1,213.1,213.1,213.1,213.1,213.1,213.1,"0,0%",325,325,325,325,325,325,325,325,0%,Región de Valparaíso
Línea 1x220 kV Los Maquis - Hornitos,95,Inyección,180.2,180.2,180.2,180.2,180.2,180.2,180.2,180.2,180.2,"0,0%",117.2,117.2,117.2,117.2,117.2,117.2,117.2,117.2,0%,Región de Valparaíso
Línea 1x110 kV Central Colmito - Torquemada,96,Inyección,135.3,77.4,77.4,77.4,77.4,77.4,77.4,77.4,77.4,"0,0%",135.3,135.3,135.3,135.3,135.3,135.3,135.3,135.3,0%,Región de Valparaíso
Línea 2x66 kV Esperanza - Calera Centro,97,Retiro,33.7,28.1,28.1,28.1,28.1,28.1,28.1,28.1,28.1,"0,0%",3.7,3.7,3.7,3.7,3.7,3.7,3.7,3.7,0%,Región de Valparaíso
Línea 1x66 kV Calera Centro - Cerro Calera,97,Retiro,43.3,35.2,35.2,35.2,35.2,35.2,35.2,35.2,35.2,"0,0%",13.3,13.3,13.3,13.3,13.3,13.3,13.3,13.3,0%,Región de Valparaíso
Línea 2x66 kV Calera Centro - Cemento Melon,97,Retiro,55.4,51,51,51,51,51,51,51,51,"0,0%",43.4,43.4,43.4,43.4,43.4,43.4,43.4,43.4,0%,Región de Valparaíso
Transformador N°1 Calera Centro 66/62/12 kV 30 MVA,97,Retiro,30,29.1,29.1,29.1,29.1,29.1,29.1,29.1,29.1,"0,0%",0,0,0,0,0,0,0,0,0%,Región de Valparaíso
Transformador N°1 Esperanza 110/62/12 kV 30 MVA,97,Retiro,30,20.3,20.3,20.3,20.3,20.3,20.3,20.3,20.3,"0,0%",0,0,0,0,0,0,0,0,0%,Región de Valparaíso
Transformador N°1 Cerro Calera 110 /62/12 kV 30 MVA,97,Retiro,30,21.9,21.9,21.9,21.9,21.9,21.9,21.9,21.9,"0,0%",0,0,0,0,0,0,0,0,0%,Región de Valparaíso
Línea 1x220 kV Central Quintero - San Luis,98,Inyección,392.9,382.9,382.9,382.9,382.9,382.9,382.9,382.9,382.9,"0,0%",138.3,138.3,138.3,138.3,138.3,138.3,138.3,138.3,0%,Región de Valparaíso
Línea 2x220 kV Nueva Ventanas - Nogales,98,Inyección,471.5,411.7,411.7,411.7,411.7,411.7,411.7,411.7,411.7,"0,0%",298,298,298,298,298,298,298,298,0%,Región de Valparaíso
Línea 1x110 kV GNL Quintero - El Bato,98,Retiro,27.6,15.5,15.5,15.5,15.5,15.5,15.5,15.5,15.5,"0,0%",27.4,27.4,27.4,27.4,27.4,27.4,27.4,27.4,0%,Región de Valparaíso
Línea 1x110 kV Ventanas - GNL Quintero,98,Inyección,76.7,40.7,40.7,40.7,40.7,40.7,40.7,40.7,40.7,"0,0%",76.6,76.6,76.6,76.6,76.6,76.6,76.6,76.6,0%,Región de Valparaíso
Autotransformador N°1 Central Quintero 220/110 kV 81 MVA,98,Inyección,81,75.7,75.7,75.7,75.7,75.7,75.7,75.7,75.7,"0,0%",80.9,80.9,80.9,80.9,80.9,80.9,80.9,80.9,0%,Región de Valparaíso
Línea 1x110 kV Las Vegas - Cristaleria Chile,99,Mixto,75.3,59.3,59.3,59.3,59.3,59.3,59.3,59.3,59.3,"0,0%",66.3,66.3,66.3,66.3,66.3,66.3,66.3,66.3,0%,Región de Valparaíso
Línea 1x220 kV Tap Off Doña Carmen - Doña Carmen,100,Inyección,289,140.4,140.4,140.4,140.4,140.4,140.4,140.4,140.4,"0,0%",289,289,289,289,289,289,289,289,0%,Región de Valparaíso
Línea 1x220 kV Meseta de Los Andes - Los Maquis,222,Inyección,276.5,0,0,0,0,0,0,0,0,"0,0%",276.5,276.5,276.5,276.5,276.5,276.5,276.5,276.5,0%,Región de Valparaíso
Línea 2x220 kV Centella - Los Piuquenes*,270,Retiro,175.3,0,0,0,0,0,0,0,0,"0,0%",175.3,175.3,175.3,175.3,175.3,175.3,175.3,175.3,0%,Región de Valparaíso
Línea 1x220 kV Las Tórtolas - Los Maitenes,103,Mixto,228.6,8.6,8.6,8.6,8.6,8.6,8.6,8.6,8.6,"0,0%",109.1,109.1,109.1,109.1,109.1,109.1,109.1,109.1,0%,Región Metropolitana
Línea 1x220 kV Polpaico - Las Tórtolas,103,Mixto,277.4,17.4,17.4,17.4,17.4,17.4,17.4,17.4,17.4,"0,0%",277.4,277.4,277.4,277.4,277.4,277.4,277.4,277.4,0%,Región Metropolitana
Línea 1x220 kV Santa Filomena - Confluencia,103,Mixto,389.1,160.6,160.6,160.6,160.6,160.6,160.6,160.6,160.6,"0,0%",270.2,270.2,270.2,270.2,270.2,270.2,270.2,270.2,0%,Región Metropolitana
Línea 1x220kV Polpaico - Santa Filomena,103,Mixto,301.8,26.1,26.1,26.1,26.1,26.1,26.1,26.1,26.1,"0,0%",66,66,66,66,66,66,66,66,0%,Región Metropolitana
Línea 1x66 kV Los Maitenes - San Francisco,103,Retiro,50.1,19.7,19.7,19.7,19.7,19.7,19.7,19.7,19.7,"0,0%",50.1,50.1,50.1,50.1,50.1,50.1,50.1,50.1,0%,Región Metropolitana
Línea 1x66 kV Los Maitenes-Tap Phi,103,Retiro,51,22.1,22.1,22.1,22.1,22.1,22.1,22.1,22.1,"0,0%",51,51,51,51,51,51,51,51,0%,Región Metropolitana
Línea 3x66 kV San Francisco - Los Bronces,103,Retiro,41.4,10.6,10.6,10.6,10.6,10.6,10.6,10.6,10.6,"0,0%",41.4,41.4,41.4,41.4,41.4,41.4,41.4,41.4,0%,Región Metropolitana
Línea 1x220 kV Confluencia - Maitenes,103,Retiro,389.4,237.7,237.7,237.7,237.7,237.7,237.7,237.7,237.7,"0,0%",270.4,270.4,270.4,270.4,270.4,270.4,270.4,270.4,0%,Región Metropolitana
Línea 1x110 kV Maipo - Pirque,104,Mixto,48.4,0.8,0.5,0.2,0,0,0,0,0,"-100,0%",0,0,0,0,0,0,0,0,0%,Región Metropolitana
Línea 1x110 kV Pirque - Puente Alto CMPC,104,Mixto,48.2,10.3,10.3,10.3,10.3,10.3,10.3,10.3,10.3,"0,0%",0,0,0,0,0,0,0,0,0%,Región Metropolitana
Transformador Maipo 230/115-69KV 60 MVA,104,Retiro,60,12,12,12,12,12,12,12,12,"0,0%",0,0,0,0,0,0,0,0,0%,Región Metropolitana
Línea 1x110 kV Central Puntilla - Puente Alto,105,Inyección,71.3,49.5,49.5,49.5,49.5,49.5,49.5,49.5,49.5,"0,0%",71.3,71.3,71.3,71.3,71.3,71.3,71.3,71.3,0%,Región Metropolitana
Línea 1x66 kV Santa Rosa (CGE)- Alhue,106,Retiro,45,32.4,32,31.5,31.1,30.8,30.4,29.9,29.5,"-10,0%",45,45,45,45,45,45,45,45,0%,Región Metropolitana
Línea 1x110 kV Loma Los Colorados - Tap Punta Peuco,107,Inyección,69.6,39.7,39.7,39.7,39.7,39.7,39.7,39.7,39.7,"0,0%",69.6,69.6,69.6,69.6,69.6,69.6,69.6,69.6,0%,Región Metropolitana
Línea 2x220 kV Tap El Manzano - El Manzano C1,109,Mixto,410.4,374.4,374.4,374.4,374.4,374.4,374.4,374.4,374.4,"0,0%",95.2,95.2,95.2,95.2,95.2,95.2,95.2,95.2,0%,Región Metropolitana
Línea 2x220 kV Tap El Manzano - El Manzano C2,109,Mixto,264.8,228.8,228.8,228.8,228.8,228.8,228.8,228.8,228.8,"0,0%",264.8,264.8,264.8,264.8,264.8,264.8,264.8,264.8,0%,Región Metropolitana
Línea 2x220 kV Tap Lampa - Lampa,110,Retiro,306.8,146.8,146.8,146.8,146.8,146.8,146.8,146.8,146.8,"0,0%",306.8,306.8,306.8,306.8,306.8,306.8,306.8,306.8,0%,Región Metropolitana
Línea 1x66 kV Isla De Maipo - Papelera Talagante,183,Mixto,51.9,29.8,29,28.2,27.4,26.9,26.2,25.4,24.6,"-20,0%",52.1,52.1,52.1,52.1,52.1,52.1,52.1,52.1,0%,Región Metropolitana
Línea 1x66 kV Alto Jahuel - Los Guindos (FFCC),184,Retiro,17.9,4.9,4.9,4.9,4.9,4.9,4.9,4.9,4.9,"0,0%",17.9,17.9,17.9,17.9,17.9,17.9,17.9,17.9,0%,Región Metropolitana
Línea 2x110 kV Tap Lo Espejo (FFCC) - Lo Espejo (FFCC),186,Retiro,78.1,66.1,66.1,66.1,66.1,66.1,66.1,66.1,66.1,"0,0%",78.1,78.1,78.1,78.1,78.1,78.1,78.1,78.1,0%,Región Metropolitana
Transformador N°1 Lo Espejo (FFCC) 110/66KV 20MVA T1,186,Retiro,20,8,8,8,8,8,8,8,8,"0,0%",20,20,20,20,20,20,20,20,0%,Región Metropolitana
Transformador N°2 Lo Espejo (FFCC) 110/66KV 20MVA T2,186,Retiro,20,8,8,8,8,8,8,8,8,"0,0%",20,20,20,20,20,20,20,20,0%,Región Metropolitana
Línea 1x66 kV Hospital(FFCC) - Tap Hospital,187,Retiro,25.7,25.7,25.7,25.7,25.7,25.7,25.7,25.7,25.7,"0,0%",21.7,21.7,21.7,21.7,21.7,21.7,21.7,21.7,0%,Región Metropolitana
Línea 2x220 kV Central Alfalfal - Tap La Ermita,200,Inyección,312.1,0,0,0,0,0,0,0,0,"0,0%",312.1,312.1,312.1,312.1,312.1,312.1,312.1,312.1,0%,Región Metropolitana
Línea 2x220 kV Central Alfalfal II - Central Alfalfal C1,200,Inyección,258,98,98,98,98,98,98,98,98,"0,0%",258,258,258,258,258,258,258,258,0%,Región Metropolitana
Línea 2x220 kV Central Alfalfal II - Central Alfalfal C2,200,Inyección,258,98,98,98,98,98,98,98,98,"0,0%",258,258,258,258,258,258,258,258,0%,Región Metropolitana
Línea 1x110 kV Central Maitenes - Tap Central Maitenes,200,Inyección,81,54,54,54,54,54,54,54,54,"0,0%",77,77,77,77,77,77,77,77,0%,Región Metropolitana
Línea 2x110 kV Tap La Laja - Vizcachas,200,Mixto,391.4,0,0,0,0,0,0,0,0,"0,0%",223.1,223.1,223.1,223.1,223.1,223.1,223.1,223.1,0%,Región Metropolitana
Línea 2x110 kV Central Las Lajas - Alto Maipo C1,200,Inyección,163.1,14.7,14.7,14.7,14.7,14.7,14.7,14.7,14.7,"0,0%",163.1,163.1,163.1,163.1,163.1,163.1,163.1,163.1,0%,Región Metropolitana
Línea 2x110 kV Central Las Lajas - Alto Maipo C2,200,Inyección,163.1,14.7,14.7,14.7,14.7,14.7,14.7,14.7,14.7,"0,0%",163.1,163.1,163.1,163.1,163.1,163.1,163.1,163.1,0%,Región Metropolitana
Línea 2x110 kV Alto Maipo - Tap La Laja,200,Inyección,320.7,12.8,12.8,12.8,12.8,12.8,12.8,12.8,12.8,"0,0%",320.7,320.7,320.7,320.7,320.7,320.7,320.7,320.7,0%,Región Metropolitana
Línea 1x110 kV Central Alfalfal - Tap Central Maitenes,200,Inyección,243.3,77.9,77.9,77.9,77.9,77.9,77.9,77.9,77.9,"0,0%",214.1,214.1,214.1,214.1,214.1,214.1,214.1,214.1,0%,Región Metropolitana
Línea 1x110 kV Central Maitenes - Tap Central Maitenes,200,Inyección,244.3,56.2,56.2,56.2,56.2,56.2,56.2,56.2,56.2,"0,0%",244.3,244.3,244.3,244.3,244.3,244.3,244.3,244.3,0%,Región Metropolitana
Línea 2x110 kV Tap La Laja - Queltehues,200,Mixto,51.4,49.4,49.4,49.3,49.3,49.2,49.1,49.1,49,"0,0%",20.5,20.5,20.5,20.5,20.5,20.5,20.5,20.5,0%,Región Metropolitana
Línea 1x220 kV Tap Central Santa Marta - Central Santa Marta,204,Inyección,293,293,293,293,293,293,293,293,293,"0,0%",278.8,278.8,278.8,278.8,278.8,278.8,278.8,278.8,0%,Región Metropolitana
Línea 1x220 kV Central San Andres - Central La Confluencia,112,Inyección,168.8,115.5,115.5,115.5,115.5,115.5,115.5,115.5,115.5,"0,0%",168.8,168.8,168.8,168.8,168.8,168.8,168.8,168.8,0%,Región del Libertador Bernardo O'higgins
Línea 1x220 kV Central La Confluencia - Central El Paso,112,Inyección,301,301,301,301,301,301,301,301,301,"0,0%",233.9,233.9,233.9,233.9,233.9,233.9,233.9,233.9,0%,Región del Libertador Bernardo O'higgins
Línea 2x220 kV Central La Higuera - Puente Negro,112,Inyección,472.9,247.4,247.4,247.4,247.4,247.4,247.4,247.4,247.4,"0,0%",472.9,472.9,472.9,472.9,472.9,472.9,472.9,472.9,0%,Región del Libertador Bernardo O'higgins
Línea 2x220 kV Central La Higuera - Central La Confluencia,112,Inyección,253,253,253,253,253,253,253,253,253,"0,0%",108,108,108,108,108,108,108,108,0%,Región del Libertador Bernardo O'higgins
Línea 1x66 kV Tap Maestranza - R,114,Retiro,29.2,9.3,9.3,9.3,9.3,9.3,9.3,9.3,9.3,"0,0%",29.2,29.2,29.2,29.2,29.2,29.2,29.2,29.2,0%,Región del Libertador Bernardo O'higgins
Línea 1x66 kV Tap Maestranza - R2,114,Retiro,29.2,9.3,9.3,9.3,9.3,9.3,9.3,9.3,9.3,"0,0%",29.2,29.2,29.2,29.2,29.2,29.2,29.2,29.2,0%,Región del Libertador Bernardo O'higgins
Línea 1x66 kV Los Lirios - Tap Los Lirios,115,Retiro,#VALUE!,#VALUE!,#VALUE!,#VALUE!,#VALUE!,#VALUE!,#VALUE!,#VALUE!,#VALUE!,"0,0%",#VALUE!,#VALUE!,#VALUE!,#VALUE!,#VALUE!,#VALUE!,#VALUE!,#VALUE!,0%,Región del Libertador Bernardo O'higgins
Línea 1x66 kV Rengo(FFCC) - Tap Rengo,116,Retiro,26.5,26.5,26.5,26.5,26.5,26.5,26.5,26.5,26.5,"0,0%",3,3,1.6,1.6,0.1,0,0,0,-100%,Región del Libertador Bernardo O'higgins
Línea 1x66 kV San Fernando(FFCC) - San Fernando,117,Retiro,#VALUE!,#VALUE!,#VALUE!,#VALUE!,#VALUE!,#VALUE!,#VALUE!,#VALUE!,#VALUE!,"0,0%",#VALUE!,#VALUE!,#VALUE!,#VALUE!,#VALUE!,#VALUE!,#VALUE!,#VALUE!,0%,Región del Libertador Bernardo O'higgins
Línea 1x154 kV Tap Minera Valle Central - SE Minera Valle Central,120,Mixto,55.5,8.2,7.5,6.8,6.1,5.4,4.7,4,3.3,"-60,0%",12.3,12.3,12.3,12.3,12.3,12.3,12.3,12.3,0%,Región del Libertador Bernardo O'higgins
Línea 2x220 kV Candelaria - Central Candelaria,218,Inyección,356.7,356.7,356.7,356.7,356.7,356.7,356.7,356.7,356.7,"0,0%",221.9,221.9,221.9,221.9,221.9,221.9,221.9,221.9,0%,Región del Libertador Bernardo O'higgins
Línea 2x220 kV Candelaria - Minero,219,Retiro,343.7,43.7,43.7,43.7,43.7,43.7,43.7,43.7,43.7,"0,0%",343.7,343.7,343.7,343.7,343.7,343.7,343.7,343.7,0%,Región del Libertador Bernardo O'higgins
Línea 1x66 kV Central San Javier - Tap Central San Javier,111,Inyección,72.7,22.7,22.7,22.7,22.7,22.7,22.7,22.7,22.7,"0,0%",72.7,72.7,72.7,72.7,72.7,72.7,72.7,72.7,0%,Región del Maule
Línea 1x66 kV Tap Rio Colorado - Armerillo,121,Inyección,66,12.8,12.8,12.8,12.8,12.8,12.8,12.8,12.8,"0,0%",66,66,66,66,66,66,66,66,0%,Región del Maule
Línea 1x66 kV Tap Rio Colorado - Rio Colorado,121,Inyección,81.2,64.7,64.7,64.7,64.7,64.7,64.7,64.7,64.7,"0,0%",81.2,81.2,81.2,81.2,81.2,81.2,81.2,81.2,0%,Región del Maule
Línea 1x110 kV Los Hierros - Tap Los Hierros II,121,Inyección,149.6,124.6,124.6,124.6,124.6,124.6,124.6,124.6,124.6,"0,0%",149.6,149.6,149.6,149.6,149.6,149.6,149.6,149.6,0%,Región del Maule
Línea 2x220 kV Tap Loma Alta - Canal Melado,121,Inyección,197.4,73.3,73.3,73.3,73.3,73.3,73.3,73.3,73.3,"0,0%",197.4,197.4,197.4,197.4,197.4,197.4,197.4,197.4,0%,Región del Maule
Transformador Armerillo 220/66/23 kV,121,Inyección,70,16.8,16.8,16.8,16.8,16.8,16.8,16.8,16.8,"0,0%",70,70,70,70,70,70,70,70,0%,Región del Maule
Línea 1x110 kV Los Hierros II - Tap Los Hierros II,121,Inyección,147.1,141.1,141.1,141.1,141.1,141.1,141.1,141.1,141.1,"0,0%",147.1,147.1,147.1,147.1,147.1,147.1,147.1,147.1,0%,Región del Maule
Línea 1x110 kV Tap Los Hierros II - Canal Melado,121,Inyección,149.6,118.6,118.6,118.6,118.6,118.6,118.6,118.6,118.6,"0,0%",149.6,149.6,149.6,149.6,149.6,149.6,149.6,149.6,0%,Región del Maule
Transformador Canal El Melado 220/110/13.8 kV 55MVA,121,Inyección,55,0,0,0,0,0,0,0,0,"0,0%",55,55,55,55,55,55,55,55,0%,Región del Maule
Línea 2x220 kV Pehuenche - Ancoa,121,Inyección,533.1,0,0,0,0,0,0,0,0,"0,0%",533.1,533.1,533.1,533.1,533.1,533.1,533.1,533.1,0%,Región del Maule
Línea 1x66 kV La Mina - Tap Rio Colorado,121,Inyección,42.2,5,5,5,5,5,5,5,5,"0,0%",42.2,42.2,42.2,42.2,42.2,42.2,42.2,42.2,0%,Región del Maule
Línea 2x220 Kv Pehuenche - Tap Loma Alta,121,Inyección,533.1,0,0,0,0,0,0,0,0,"0,0%",533.1,533.1,533.1,533.1,533.1,533.1,533.1,533.1,0%,Región del Maule
Línea 1x220 kV Canal Melado - Loma Alta,121,Inyección,197.4,104.3,104.3,104.3,104.3,104.3,104.3,104.3,104.3,"0,0%",197.4,197.4,197.4,197.4,197.4,197.4,197.4,197.4,0%,Región del Maule
Línea 2x220 kV Tap Loma Alta - Ancoa,121,Inyección,533.1,0,0,0,0,0,0,0,0,"0,0%",533.1,533.1,533.1,533.1,533.1,533.1,533.1,533.1,0%,Región del Maule
Línea 2x154 kV Central Cipreses - Central Isla C1,122,Inyección,107,39,39,39,39,39,39,39,39,"0,0%",107,107,107,107,107,107,107,107,0%,Región del Maule
Línea 2x154 kV Central Cipreses - Central Isla C2,122,Inyección,107,39,39,39,39,39,39,39,39,"0,0%",107,107,107,107,107,107,107,107,0%,Región del Maule
Línea 2x154 kV Tap Rio Melado - Itahue C2,122,Inyección,143,0,0,0,0,0,0,0,0,"0,0%",135.9,135.9,135.9,135.9,135.9,135.9,135.9,135.9,0%,Región del Maule
Línea 2x154 kV Central Cipreses - Tap Rio Melado C2,122,Inyección,143,0,0,0,0,0,0,0,0,"0,0%",143,143,143,143,143,143,143,143,0%,Región del Maule
Línea 1x154 kV Central Cipreses - Central Curillinque C1,122,Inyección,143,0,0,0,0,0,0,0,0,"0,0%",141.9,141.9,141.9,141.9,141.9,141.9,141.9,141.9,0%,Región del Maule
Línea 2x154 kV Tap Rio Melado - Itahue C1,122,Inyección,143,0,0,0,0,0,0,0,0,"0,0%",136.6,136.6,136.6,136.6,136.6,136.6,136.6,136.6,0%,Región del Maule
Línea 1x66 kV Maule - Lircay,123,Inyección,44.5,44.5,44.5,44.5,44.5,44.5,44.5,44.5,44.5,"0,0%",0,0,0,0,0,0,0,0,0%,Región del Maule
Línea 1x66 kV Lircay - Mariposas,123,Inyección,23.7,23.7,23.7,23.7,23.7,23.7,23.7,23.7,23.7,"0,0%",17.7,17.7,17.7,17.7,17.7,17.7,17.7,17.7,0%,Región del Maule
Línea 1x66 kV Providencia - Lircay,123,Inyección,23.7,23.7,23.7,23.7,23.7,23.7,23.7,23.7,23.7,"0,0%",7.6,7.6,7.6,7.6,7.6,7.6,7.6,7.6,0%,Región del Maule
Línea 1x154 kV Planta MDP Teno - Teno,124,Retiro,68.8,61.3,61.3,61.3,61.3,61.3,61.3,61.3,61.3,"0,0%",68.8,68.8,68.8,68.8,68.8,68.8,68.8,68.8,0%,Región del Maule
Línea 1x66 kV Planta Viñales - Constitución,125,Inyección,52.2,30.2,30.2,30.2,30.2,30.2,30.2,30.2,30.2,"0,0%",44.2,44.2,44.2,44.2,44.2,44.2,44.2,44.2,0%,Región del Maule
Línea 1x220 kV San Fabian - Tap Catillo      ,126,Inyección,328.1,154.3,154.3,154.3,154.3,154.3,154.3,154.3,154.3,"0,0%",327.9,327.9,327.9,327.9,327.9,327.9,327.9,327.9,0%,Región del Maule
Línea 1x220 kV Digua - Catillo      ,126,Inyección,350.2,326.4,326.4,326.4,326.4,326.4,326.4,326.4,326.4,"0,0%",350.1,350,350,350,350,350,350,350,0%,Región del Maule
Línea 1x220 kV Tap Catillo - Ancoa      ,126,Inyección,330,156.2,156.2,156.2,156.2,156.2,156.2,156.2,156.2,"0,0%",329.9,329.8,329.8,329.8,329.8,329.8,329.8,329.8,0%,Región del Maule
Línea 1x66 kV Curicó - Curicó (FF.CC),127,Inyección,#VALUE!,#VALUE!,#VALUE!,#VALUE!,#VALUE!,#VALUE!,#VALUE!,#VALUE!,#VALUE!,"0,0%",#VALUE!,#VALUE!,#VALUE!,#VALUE!,#VALUE!,#VALUE!,#VALUE!,#VALUE!,0%,Región del Maule
Línea 1x66 kV Itahue - Itahue (FF.CC),128,Inyección,#VALUE!,#VALUE!,#VALUE!,#VALUE!,#VALUE!,#VALUE!,#VALUE!,#VALUE!,#VALUE!,"0,0%",#VALUE!,#VALUE!,#VALUE!,#VALUE!,#VALUE!,#VALUE!,#VALUE!,#VALUE!,0%,Región del Maule
Línea 1x66 kV Villa Alegre - Villa Alegre (FF.CC),129,Inyección,#VALUE!,#VALUE!,#VALUE!,#VALUE!,#VALUE!,#VALUE!,#VALUE!,#VALUE!,#VALUE!,"0,0%",#VALUE!,#VALUE!,#VALUE!,#VALUE!,#VALUE!,#VALUE!,#VALUE!,#VALUE!,0%,Región del Maule
Línea 1x66 kV Longavi (FF.CC.) - Tap Longavi,130,Retiro,#VALUE!,#VALUE!,#VALUE!,#VALUE!,#VALUE!,#VALUE!,#VALUE!,#VALUE!,#VALUE!,"0,0%",#VALUE!,#VALUE!,#VALUE!,#VALUE!,#VALUE!,#VALUE!,#VALUE!,#VALUE!,0%,Región del Maule
Línea 1x66 kV Planta Constitución - Constitución,131,Mixto,35.4,20.4,20.4,20.4,20.4,20.4,20.4,20.4,20.4,"0,0%",22.7,21.9,21.2,21.2,20.4,20.4,19.7,19.7,-10%,Región del Maule
Línea 1x220 kV Machicura - Colbún ,132,Inyección,308.7,19.7,19.7,19.7,19.7,19.7,19.7,19.7,19.7,"0,0%",308.7,308.7,308.7,308.7,308.7,308.7,308.7,308.7,0%,Región del Maule
Línea 1x66 kV Tap San Clemente - Talca,133,Inyección,58.8,21.9,21.9,21.9,21.9,21.9,21.9,21.9,21.9,"0,0%",42.1,41.1,40.1,40.1,39.2,39.2,38.2,38.2,-10%,Región del Maule
Línea 1x66 kV San Ignacio - Tap San Clemente,133,Inyección,58.8,21.8,21.8,21.8,21.8,21.8,21.8,21.8,21.8,"0,0%",42.1,41.1,40.1,40.1,39.2,39.2,38.2,38.2,-10%,Región del Maule
"Transformador COLBUN 230/66/13,8KV 25MVA",134,Inyección,25,0,0,0,0,0,0,0,0,"0,0%",25,25,25,25,25,25,25,25,0%,Región del Maule
Línea 1x66 kV Chiburgo - Colbun,134,Inyección,27.9,2.4,2.4,2.4,2.4,2.4,2.4,2.4,2.4,"0,0%",27.9,27.9,27.9,27.9,27.9,27.9,27.9,27.9,0%,Región del Maule
Línea 1x66 kV San Clemente Colbun - Chiburgo,134,Inyección,29.8,23.7,23.7,23.7,23.7,23.7,23.7,23.7,23.7,"0,0%",29.8,29.8,29.8,29.8,29.8,29.8,29.8,29.8,0%,Región del Maule
Línea 1x220 kV Colbun - Procart,135,Retiro,187.9,104.7,104.7,104.7,104.7,104.7,104.7,104.7,104.7,"0,0%",0.7,0.7,0.7,0.7,0.7,0.7,0.7,0.7,0%,Región del Maule
Línea 1x66 kV Central Ancoa – Putagan,136,Inyección,65.2,40.5,40.5,40.5,40.5,40.5,40.5,40.5,40.5,"0,0%",65.2,65.2,65.2,65.2,65.2,65.2,65.2,65.2,0%,Región del Maule
Línea 1x154 kV Central Convento Viejo - Seccionadora Convento Viejo,137,Inyección,144,128,128,128,128,128,128,128,128,"0,0%",144,144,144,144,144,144,144,144,0%,Región del Maule
Línea 1x66 kV Aguas Negras - Aguas Claras,138,Inyección,68,68,68,68,68,68,68,68,68,"0,0%",14.1,14.1,14.1,14.1,14.1,14.1,14.1,14.1,0%,Región del Maule
Línea 1x66 kV Teno - Aguas Negras,138,Inyección,165.4,165.4,165.4,165.4,165.4,165.4,165.4,165.4,165.4,"0,0%",35.4,35.4,35.4,35.4,35.4,35.4,35.4,35.4,0%,Región del Maule
Línea 2x220 kV Ancoa - Los Condores,228,Inyección,390.6,220.6,220.6,220.6,220.6,220.6,220.6,220.6,220.6,"0,0%",390.6,390.6,390.6,390.6,390.6,390.6,390.6,390.6,0%,Región del Maule
Línea 1x66 kV Niquen - Tap Niquen,189,Retiro,#VALUE!,#VALUE!,#VALUE!,#VALUE!,#VALUE!,#VALUE!,#VALUE!,#VALUE!,#VALUE!,"0,0%",#VALUE!,#VALUE!,#VALUE!,#VALUE!,#VALUE!,#VALUE!,#VALUE!,#VALUE!,0%,Región de Ñuble
Línea 1x66 kV Cocharcas (FFCC) - Cocharcas,189,Retiro,#VALUE!,#VALUE!,#VALUE!,#VALUE!,#VALUE!,#VALUE!,#VALUE!,#VALUE!,#VALUE!,"0,0%",#VALUE!,#VALUE!,#VALUE!,#VALUE!,#VALUE!,#VALUE!,#VALUE!,#VALUE!,0%,Región de Ñuble
Línea 1x66 kV Bulnes (FFCC) - Tap Tres Esquinas,189,Retiro,#VALUE!,#VALUE!,#VALUE!,#VALUE!,#VALUE!,#VALUE!,#VALUE!,#VALUE!,#VALUE!,"0,0%",#VALUE!,#VALUE!,#VALUE!,#VALUE!,#VALUE!,#VALUE!,#VALUE!,#VALUE!,0%,Región de Ñuble
Línea 1x66 kV Los Angeles Sur - Duqueco,118,Inyección,90.2,30.2,30.2,30.2,30.2,30.2,30.2,30.2,30.2,"0,0%",90.2,90.2,90.2,90.2,90.2,90.2,90.2,90.2,0%,Región del Biobío
Línea 1x154 kV Petropower - Hualpen,140,Mixto,161.4,140.9,140.9,140.9,140.9,140.9,140.9,140.9,140.9,"0,0%",146.5,148,127.3,127.3,127.3,127.3,127.3,141.3,0%,Región del Biobío
Línea 2x66 kV ERBB - Petropower,140,Retiro,27.9,7.4,7.4,7.4,7.4,7.4,7.4,7.4,7.4,"0,0%",13.1,14.5,0,0,0,0,0,7.8,-50%,Región del Biobío
Línea 1x66 kV Petropower - Petroqim,140,Retiro,47.1,32.3,33.7,13,13,13,13,13,27,"-20,0%",26.6,26.6,26.6,26.6,26.6,26.6,26.6,26.6,0%,Región del Biobío
Línea 1x154 kV Tap OXY - OXY ,141,Retiro,144,144,144,144,144,144,144,144,144,"0,0%",122.3,144,144,144,144,144,144,144,0%,Región del Biobío
Línea 1x154 kV Tap OXY - Tap Petroquimicas,141,Retiro,144,90,68.3,68.3,68.3,68.3,68.3,66.6,66.6,"-30,0%",144,144,144,144,144,144,144,144,0%,Región del Biobío
Línea 1x154 kV PetroDow - Tap EKA Chile ,141,Retiro,75.2,75.2,75.2,75.2,75.2,75.2,75.2,75.2,75.2,"0,0%",75.2,75.2,75.2,75.2,75.2,75.2,75.2,75.2,0%,Región del Biobío
Línea 1x154 kV Hualpén - Tap Petroquímicas,141,Retiro,214.7,160.7,160.7,160.7,160.7,160.7,160.7,160.7,160.7,"0,0%",214.7,214.7,214.7,214.7,214.7,214.7,214.7,214.7,0%,Región del Biobío
Línea 2x66 kV Papelera Bio Bio - Estructura 48,142,Inyección,28.2,28.2,28.2,28.2,28.2,28.2,28.2,28.2,28.2,"0,0%",7.2,6.5,5.8,5.1,4.4,3.7,3,2.3,-60%,Región del Biobío
Línea 1x220 kV Peuchén - Mampil,143,Inyección ,230.2,134.1,134.1,134.1,134.1,134.1,134.1,134.1,134.1,"0,0%",230.2,230.2,230.2,230.2,230.2,230.2,230.2,230.2,0%,Región del Biobío
Línea 1x220 kV Quilleco - Charrúa,143,Inyección,406.6,155.4,155.4,155.4,155.4,155.4,155.4,155.4,155.4,"0,0%",395.3,395.3,395.3,395.3,395.3,395.3,395.3,395.3,0%,Región del Biobío
Línea 1x220 kV Rucúe - Charrúa,143,Inyección,405.1,4.1,4.1,4.1,4.1,4.1,4.1,4.1,4.1,"0,0%",393.6,393.6,393.6,393.6,393.6,393.6,393.6,393.6,0%,Región del Biobío
Línea 1x220 kV Mampil - Rucúe,143,Inyección,230.2,73.3,73.3,73.3,73.3,73.3,73.3,73.3,73.3,"0,0%",230.2,230.2,230.2,230.2,230.2,230.2,230.2,230.2,0%,Región del Biobío
Línea 1x220 kV Rucúe - Quilleco,143,Inyección,405.4,4.1,4.1,4.1,4.1,4.1,4.1,4.1,4.1,"0,0%",395.3,395.3,395.3,395.3,395.3,395.3,395.3,395.3,0%,Región del Biobío
Línea 1x220 kV SF Energía - Nodo Nacimiento,144,Inyección,213.4,145,145,145,148.2,148.2,148.2,148.2,148.9,"0,0%",207.2,207.2,207.2,207.2,207.2,207.2,207.2,207.2,0%,Región del Biobío
Línea 1x220 kV Tap María Dolores - Nodo Nacimiento,144,Mixto,296.5,146,146,146,173.4,173.4,173.4,173.4,265,"80,0%",59.5,59.5,59.5,128.4,128.4,128.4,128.4,197.2,230%,Región del Biobío
Línea 1x220 kV Santa Fé - Celulosa Pacifico*,144,Mixto,298.4,264.5,264.5,264.5,255.6,255.6,255.6,255.6,193.8,"-30,0%",262.1,262.1,262.1,189.9,189.9,189.9,189.9,130,-50%,Región del Biobío
Línea 1x220 kV Charrúa - Tap María Dolores,144,Mixto,296.5,95,95,95,121.3,121.3,121.3,121.3,216,"130,0%",18.8,18.8,18.8,114.3,114.3,114.3,114.3,158.5,740%,Región del Biobío
Línea 1x220 kV Tap María Dolores - Laja,144,Mixto,306.7,258,258,258,253.8,253.8,253.8,253.8,258,"0,0%",264.6,264.6,264.6,283.9,283.9,283.9,283.9,264.6,0%,Región del Biobío
Línea 1x154 kV Yungay - Charrua,145,Inyección,115.5,0,0,0,0,0,0,0,0,"0,0%",316.3,316.3,316.3,316.3,316.3,316.3,316.3,316.3,0%,Región del Biobío
Línea 1x66 kV Enlace - Bucalemu,146,Mixto,43.3,231,231,231,231,231,231,231,231,"0,0%",31.9,31.9,31.9,31.9,31.9,31.9,31.9,31.9,0%,Región del Biobío
Línea 1x220 kV Los Pinos - Charrúa ,148,Inyección ,407.7,301.3,301.3,301.3,301.3,301.3,301.3,301.3,301.3,"0,0%",115.5,115.5,115.5,115.5,115.5,115.5,115.5,115.5,0%,Región del Biobío
Línea 1x220 kV Santa Lidia - Charrúa ,149,Inyección ,136.8,0,0,0,0,0,0,0,0,"0,0%",40.5,40.4,40.3,40.2,40.1,40,39.9,39.8,0%,Región del Biobío
Línea 1x220 kV Tap Zona de Caida - Zona de Caida ,150,Inyección,293.4,876,876,876,876,876,876,876,876,"0,0%",261.5,261.5,261.5,261.5,261.5,261.5,261.5,261.5,0%,Región del Biobío
Línea 1x220 kV Charrúa - Tap Zona de Caida,150,Inyección,885.2,164.3,164.3,164.3,164.3,164.3,164.3,164.3,164.3,"0,0%",407.7,407.7,407.7,407.7,407.7,407.7,407.7,407.7,0%,Región del Biobío
Línea 1x220 kV Charrúa - Ralco,150,Inyección,884.8,293.4,293.4,293.4,293.4,293.4,293.4,293.4,293.4,"0,0%",195.8,195.8,195.8,195.8,195.8,195.8,195.8,195.8,0%,Región del Biobío
Línea 1x220 kV Tap Zona de Caida - Ralco,150,Inyección,884.8,88,88,88,88,88,88,88,88,"0,0%",195.8,195.8,195.8,195.8,195.8,195.8,195.8,195.8,0%,Región del Biobío
Línea 1x66 kV Palmucho - Zona de Caida,150,Inyección,88,56.1,56.1,56.1,56.1,56.1,56.1,56.1,56.1,"0,0%",136.8,136.8,136.8,136.8,136.8,136.8,136.8,136.8,0%,Región del Biobío
Línea 2x220 kV Santa María - Charrúa,151,Inyección,894.7,104.7,104.7,104.7,104.7,104.7,104.7,104.7,104.7,"0,0%",894.7,894.7,894.7,894.7,894.7,894.7,894.7,894.7,0%,Región del Biobío
Línea 1x66 kV Lebu - Tres Pinos,152,Mixto,26.3,11.9,11.9,11.9,11.9,11.9,11.9,11.9,11.9,"0,0%",16.2,15.8,15.5,15.1,14.8,14.5,14.1,13.8,-10%,Región del Biobío
Línea 2x154 kV San Vicente - Huachipato,153,Retiro,115.5,43.5,43.5,43.5,43.5,43.5,43.5,43.5,43.5,"0,0%",115.5,115.5,115.5,115.5,115.5,115.5,115.5,115.5,0%,Región del Biobío
Línea 1x66 kV Coronel - Bocamina**,154,Mixto,41.2,30.2,30.2,30.2,30.2,30.2,30.2,30.2,30.2,"0,0%",41.2,41.2,41.2,41.2,41.2,41.2,41.2,41.2,0%,Región del Biobío
Línea 1x66 kV San Vicente - Cementos Bio Bio,156,Retiro,18.3,18.3,18.3,18.3,18.3,18.3,18.3,18.3,18.3,"0,0%",8.3,8.3,8.3,8.3,8.3,8.3,8.3,8.3,0%,Región del Biobío
Línea 1x220 kV Los Notros - Tap Trupan*,157,Inyección,503,503,503,503,503,503,503,503,503,"0,0%",316.8,316.8,316.8,316.8,316.8,316.8,316.8,316.8,0%,Región del Biobío
Línea 1x220 kV Tap Trupan - Charrua,157,Inyección,533.1,133.1,133.1,133.1,133.1,133.1,133.1,133.1,133.1,"0,0%",533.1,533.1,533.1,533.1,533.1,533.1,533.1,533.1,0%,Región del Biobío
Línea 2x220 kV Antuco - Charrua,157,Inyección,533.1,0,0,0,0,0,0,0,0,"0,0%",533.1,533.1,533.1,533.1,533.1,533.1,533.1,533.1,0%,Región del Biobío
Línea 1x220 kV Antuco - Tap Trupan,157,Inyección,533.1,86.9,86.9,86.9,86.9,86.9,86.9,86.9,86.9,"0,0%",533.1,533.1,533.1,533.1,533.1,533.1,533.1,533.1,0%,Región del Biobío
Línea 2x220 kV El Toro - Antuco,157,Inyección,533.1,110.3,110.3,110.3,110.3,110.3,110.3,110.3,110.3,"0,0%",533.1,533.1,533.1,533.1,533.1,533.1,533.1,533.1,0%,Región del Biobío
Línea 1x154 kV Trupan - Charrua,158,Inyección,107,14.3,14.3,14.3,14.3,14.3,14.3,14.3,14.3,"0,0%",107,107,107,107,107,107,107,107,0%,Región del Biobío
Línea 2x154 kV Abanico - Trupan,158,Inyección,106.7,0,0,0,0,0,0,0,0,"0,0%",106.7,106.7,106.7,106.7,106.7,106.7,106.7,106.7,0%,Región del Biobío
Línea 1x154 kV Bocamina - Tap Quiñenco,159,Retiro,214.7,89.7,89.7,89.7,89.7,89.7,89.7,89.7,89.7,"0,0%",110,110,110,110,110,110,110,110,0%,Región del Biobío
Línea 1x66 kV San Vicente - Newen,160,Inyección,34.9,29.6,29.6,29.6,29.6,29.6,29.6,29.6,29.6,"0,0%",20.4,20.4,20.4,20.4,20.4,20.4,20.4,20.4,0%,Región del Biobío
Línea 1x220 kV Lagunillas - Bocamina**,161,Inyección,433.3,433.3,433.3,433.3,433.3,433.3,433.3,433.3,433.3,"0,0%",83.3,83.3,83.3,83.3,83.3,83.3,83.3,83.3,0%,Región del Biobío
Línea 1x220 kV Los Olmos - Mulchen,163,Inyección,251.9,25.9,25.9,25.9,25.9,25.9,25.9,25.9,25.9,"0,0%",251.9,251.9,251.9,251.9,251.9,251.9,251.9,251.9,0%,Región del Biobío
Línea 1x220 kV Tolpan Sur - Los Olmos,163,Inyección,251.9,0,0,0,0,0,0,0,0,"0,0%",251.9,251.9,251.9,251.9,251.9,251.9,251.9,251.9,0%,Región del Biobío
Línea 1x66 kV Charrua - Cholguan,164,Inyección,18.3,0,0,0,0,0,0,0,0,"0,0%",0,0,0,0,0,0,0,0,0%,Región del Biobío
Línea 2x220 kV Los Notros - Angostura*,165,Inyección,390.6,390.6,390.6,390.6,390.6,390.6,390.6,390.6,390.6,"0,0%",69.6,69.6,69.6,69.6,69.6,69.6,69.6,69.6,0%,Región del Biobío
Línea 1x66 kV Tap Santa Clara - Itata,166,Inyección,28.4,28.4,28.4,28.4,28.4,28.4,28.4,28.4,28.4,"0,0%",8.9,8.9,8.9,8.9,8.9,8.9,8.9,8.9,0%,Región del Biobío
Línea 1x154 kV Santa Luisa - Tap Coyanco,168,Inyección,103.8,99.4,99.4,99.4,99.4,99.4,99.4,99.4,99.4,"0,0%",19.8,19.8,19.8,19.8,19.8,19.8,19.8,19.8,0%,Región del Biobío
Línea 1x154 kV Central Eolica Alena - Tap Coyanco,168,Inyección,121.9,38,38,38,38,38,38,38,38,"0,0%",121.9,121.9,121.9,121.9,121.9,121.9,121.9,121.9,0%,Región del Biobío
Línea 1x154 kV Los Angeles - Santa Luisa,168,Inyección,207,207,207,207,207,207,207,207,207,"0,0%",30.6,30.6,30.6,30.6,30.6,30.6,30.6,30.6,0%,Región del Biobío
Línea 1x154 kV Mesamavida - Santa Luisa,168,Inyección,105.6,45.6,45.6,45.6,45.6,45.6,45.6,45.6,45.6,"0,0%",105.6,105.6,105.6,105.6,105.6,105.6,105.6,105.6,0%,Región del Biobío
Línea 1x154 kV Santa Luisa - Central Cuel,168,Inyección,137.9,137.9,137.9,137.9,137.9,137.9,137.9,137.9,137.9,"0,0%",105.4,105.4,105.4,105.4,105.4,105.4,105.4,105.4,0%,Región del Biobío
Línea 2x220 kV Charrua -Los Guindos,169,Inyección,328.1,328.1,328.1,328.1,328.1,328.1,328.1,328.1,328.1,"0,0%",57.2,57.2,57.2,57.2,57.2,57.2,57.2,57.2,0%,Región del Biobío
Línea 1x220 kV San Gabriel - Mulchen,174,Inyección,237,57,57,57,57,57,57,57,57,"0,0%",296.1,296.1,296.1,296.1,296.1,296.1,296.1,296.1,0%,Región del Biobío
Línea 1x66 kV Chiguayante - Quilacoya,193,Retiro,#VALUE!,#VALUE!,#VALUE!,#VALUE!,#VALUE!,#VALUE!,#VALUE!,#VALUE!,#VALUE!,"0,0%",#VALUE!,#VALUE!,#VALUE!,#VALUE!,#VALUE!,#VALUE!,#VALUE!,#VALUE!,0%,Región del Biobío
Línea 1x66 kV Concepcion (Ff.Cc.) - Tap Cerro Chepe,194,Retiro,#VALUE!,#VALUE!,#VALUE!,#VALUE!,#VALUE!,#VALUE!,#VALUE!,#VALUE!,#VALUE!,"0,0%",#VALUE!,#VALUE!,#VALUE!,#VALUE!,#VALUE!,#VALUE!,#VALUE!,#VALUE!,0%,Región del Biobío
Línea 1x154 kV Tap Mapal - Mapal,195,Retiro,70.8,59.6,59.6,59.6,59.6,59.6,59.6,59.6,59.6,"0,0%",70.8,70.8,70.8,70.8,70.8,70.8,70.8,70.8,0%,Región del Biobío
Línea 1x220 kV Campo Lindo - Santa Clara,205,Inyección,314.4,241.3,241.3,241.3,241.3,241.3,241.3,241.3,241.3,"0,0%",314.4,314.4,314.4,314.4,314.4,314.4,314.4,314.4,0%,Región del Biobío
Línea 1x220 kV Parque Eólico Renaico - Mulchen,211,Inyección,296.1,0,0,0,0,0,0,0,0,"0,0%",237,237,237,237,237,237,237,237,0%,Región del Biobío
Línea 2x220 kV Arauco Mapa - Lagunillas**,242,Inyección,316.3,876,876,876,876,876,876,876,876,"0,0%",150.3,150.3,150.3,150.3,150.3,150.3,150.3,150.3,0%,Región del Biobío
Línea 1x66 kV TCBB - El Pinar,271,Inyección,64.9,64.9,64.9,64.9,64.9,64.9,64.9,64.9,64.9,"0,0%",17.4,17.4,17.4,17.4,17.4,17.4,17.4,17.4,0%,Región del Biobío
Línea 2x220 kV Los Notros - Pangue*,272,Inyección,503,503,503,503,503,503,503,503,503,"0,0%",36,36,36,36,36,36,36,36,0%,Región del Biobío
Línea 1x66 kV Central Lautaro - Lautaro,170,Inyección,60.7,16.2,16.2,16.2,16.2,16.2,16.2,16.2,16.2,"0,0%",59.2,59.2,59.2,59.2,59.2,59.2,59.2,59.2,0%,Región de la Araucania
Línea 1x110 kV Cunco - Melipeuco,171,Inyección,171.5,165.3,165.1,164.8,164.6,164.4,164.2,164,163.6,"0,0%",136,136,136,136,136,136,136,136,0%,Región de la Araucania
Línea 1x110 kV Rio Tolten - Cunco,171,Mixto,173.4,137.9,137.9,137.9,137.9,137.9,137.9,137.9,137.9,"0,0%",167.2,167,166.8,166.5,166.3,166.1,165.9,165.5,0%,Región de la Araucania
"Transformador Río Toltén 220/110/13,8 Kv",171,Mixto,60,24.5,24.5,24.5,24.5,24.5,24.5,24.5,24.5,"0,0%",53.8,53.6,53.4,53.2,52.9,52.7,52.5,52.1,0%,Región de la Araucania
Línea 1x66 kV Deuco - Picoiquen,172,Inyección,51,51,51,51,51,51,51,51,51,"0,0%",31.8,31.8,31.8,31.8,31.8,31.8,31.8,31.8,0%,Región de la Araucania
Línea 1x220 kV Agua Buena - Seccionadora Rio Malleco,192,Inyección,295.8,161.9,161.9,161.9,161.9,161.9,161.9,161.9,161.9,"0,0%",295.8,295.8,295.8,295.8,295.8,295.8,295.8,295.8,0%,Región de la Araucania
Línea 1x110 kV Antillanca - Chirre,177,Mixto,107.8,102.2,102.2,101.9,101.7,101.4,101.4,101.1,100.8,"0,0%",51.1,51.1,51.1,51.1,51.1,51.1,51.1,51.1,0%,Región de Los Ríos
Línea 1x110 kV Chirre - Mantilhue ,177,Inyección,106.5,106.5,106.5,106.5,106.5,106.5,106.5,106.5,106.5,"0,0%",49.8,49.8,49.8,49.8,49.8,49.8,49.8,49.8,0%,Región de Los Ríos
Línea 1x110 kV Mantilhue - Central Lican,177,Inyección,107,107,107,107,107,107,107,107,107,"0,0%",85,85,85,85,85,85,85,85,0%,Región de Los Ríos
Línea 1x110 kV Mantilhue - Mocho,177,Inyección,87.5,87.5,87.5,87.5,87.5,87.5,87.5,87.5,87.5,"0,0%",52.8,52.8,52.8,52.8,52.8,52.8,52.8,52.8,0%,Región de Los Ríos
Línea 1x220 kV Planta Valdivia - Ciruelos,173,Mixto,203.9,142.9,142.9,142.9,142.9,142.9,142.9,142.9,142.9,"0,0%",137.9,137.9,137.9,137.9,137.9,137.9,137.9,137.9,0%,Región de Los Ríos
Línea 1x66 kV Valdivia - Chumpullo,202,Retiro,42.9,35.1,35.1,35.1,35.1,35.1,35.1,35.1,35.1,"0,0%",42.9,42.9,42.9,42.9,42.9,42.9,42.9,42.9,0%,Región de Los Ríos
Línea 2x66 kV Pilmaiquen - Osorno,175,Mixto,45.8,5.2,5.2,5.2,5.2,5.2,5.2,5.2,5.2,"0,0%",40.3,40.3,40.1,39.8,39.5,39.5,39.2,39,0%,Región de Los Lagos
Línea 1x110 kV Chiloé - Degañ,176,Mixto,72.6,56.6,56.6,55.8,55,54.2,54.2,53.4,52.6,"-10,0%",22.2,22.2,22.2,22.2,22.2,22.2,22.2,22.2,0%,Región de Los Lagos
Línea 1x110 kV Aihuapi - Antillanca,177,Mixto,107.6,56.8,56.8,56.8,56.8,56.8,56.8,56.8,56.8,"0,0%",94.8,94.8,94.1,93.5,92.9,92.9,92.2,91.6,0%,Región de Los Lagos
Línea 1x220 kV Antillanca - Rahue ,177,Mixto,244.3,27.5,27.5,27.5,27.5,27.5,27.5,27.5,27.5,"0,0%",225.5,225.5,224.5,223.6,222.7,222.7,221.7,220.8,0%,Región de Los Lagos
Línea 1x66 kV Capullo - Pulelfú,177,Inyección,29.8,18,18,18,18,18,18,18,18,"0,0%",29.8,29.8,29.8,29.8,29.8,29.8,29.8,29.8,0%,Región de Los Lagos
Línea 1x110 kV Copihues - Aihuapi,177,Inyección,49.7,0,0,0,0,0,0,0,0,"0,0%",49.7,49.7,49.7,49.7,49.7,49.7,49.7,49.7,0%,Región de Los Lagos
Línea 1x110 kV Palmar - Copihues ,177,Inyección,77,56.1,56.1,56.1,56.1,56.1,56.1,56.1,56.1,"0,0%",77,77,77,77,77,77,77,77,0%,Región de Los Lagos
Línea 1x66 kV Pulelfu - Central Pulelfú,177,Inyección,29.8,29.8,29.8,29.8,29.8,29.8,29.8,29.8,29.8,"0,0%",20.9,20.9,20.9,20.9,20.9,20.9,20.9,20.9,0%,Región de Los Lagos
Línea 1x110 kV Rio Bonito - Antillanca,177,Mixto,107.3,72.1,72.1,72.1,72.1,72.1,72.1,72.1,72.1,"0,0%",107,107,107,107,107,107,106.9,106.9,0%,Región de Los Lagos
Línea 2x220 kV Canutillar - Puerto Montt,178,Inyección,197.4,25.4,25.4,25.4,25.4,25.4,25.4,25.4,25.4,"0,0%",197.4,197.4,197.4,197.4,197.4,197.4,197.4,197.4,0%,Región de Los Lagos
Línea 1x220 kV Puelche Sur - Frutillar Norte,179,Inyección,310.6,151.1,151.1,151.1,151.1,151.1,151.1,151.1,151.1,"0,0%",310.6,310.6,310.6,310.6,310.6,310.6,310.6,310.6,0%,Región de Los Lagos
Línea 1x110 kV Central San Pedro Dalcahue - Chiloe ,180,Inyección,184.4,119.4,119.4,119.4,119.4,119.4,119.4,119.4,119.4,"0,0%",168.4,168.4,168.4,168.4,168.4,168.4,168.4,168.4,0%,Región de Los Lagos
Línea 1x220 kV Central Rucatayo - Rucatayo,191,Inyección,#VALUE!,#VALUE!,#VALUE!,#VALUE!,#VALUE!,#VALUE!,#VALUE!,#VALUE!,#VALUE!,"0,0%",#VALUE!,#VALUE!,#VALUE!,#VALUE!,#VALUE!,#VALUE!,#VALUE!,#VALUE!,0%,Región de Los Lagos
Línea 1x220 kV Rucatayo - Pichirrahue ,191,Inyección,204.6,39,39,39,39,39,39,39,39,"0,0%",204.6,204.6,204.6,204.6,204.6,204.6,204.6,204.6,0%,Región de Los Lagos
Línea 1x220 kV Aurora - Tap Aurora ,207,Inyección,307.1,180.5,180.5,180.5,180.5,180.5,180.5,180.5,180.5,"0,0%",307.1,307.1,307.1,307.1,307.1,307.1,307.1,307.1,0%,Región de Los Lagos
