,OBJECTID,ID_GE_HIDRO,NOMBRE,PROPIEDAD,TIPO,MEDIO_GENE,COMBUSTIBL,POTENCIAMW,UNIDADES,RCA,SIST_ELECT,ESTADO,F_OPERACIO,COORD_ESTE,COORD_NORT,HUSO,DATUM,REGION,PROVINCIA,COMUNA,FUENTE_BAS,FECH_CREA,FECH_ACT,geometry,Latitud,Longitud
0,1401,1,ABANICO,ENEL GENERACION,HIDRAULICA PASADA, ,NO APLICA,92.71,4, ,SISTEMA ELECTRICO NACIONAL,OPERATIVA,12/31/1947 8:00 p. m.,279546,5861792,19 SUR,WGS 1984,BIOBIO,BIO-BIO,ANTUCO,COMISION NACIONAL DE ENERGIA,6/29/2018 8:00 p. m.,6/29/2023 8:00 p. m.,POINT (-71.48940111999997 -37.36442524208963),-37.36442524208963,-71.48940111999997
1,1402,8,ALFALFAL,AES ANDES,HIDRAULICA PASADA, ,NO APLICA,177.555,2, ,SISTEMA ELECTRICO NACIONAL,OPERATIVA,12/31/1990 9:00 p. m.,389218,6292506,19 SUR,WGS 1984,METROPOLITANA DE SANTIAGO,CORDILLERA,SAN JOSE DE MAIPO,COMISION NACIONAL DE ENERGIA,6/29/2018 8:00 p. m.,6/29/2023 8:00 p. m.,POINT (-70.19265748899994 -33.501247556131105),-33.501247556131105,-70.19265748899994
2,1403,9,ALLIPEN,HIDROELECTRICA ALLIPEN S.A.,HIDRAULICA PASADA,PMGD,NO APLICA,2.5961,2,031/2011,SISTEMA ELECTRICO NACIONAL,OPERATIVA,5/2/2012 8:00 p. m.,220888,5678430,19 SUR,WGS 1984,LA ARAUCANIA,CAUTIN,CUNCO,COMISION NACIONAL DE ENERGIA,6/29/2018 8:00 p. m.,6/29/2023 8:00 p. m.,POINT (-72.22289113899996 -38.998652565077045),-38.998652565077045,-72.22289113899996
3,1404,11,ALTO HOSPICIO,ENERNUEVAS S.A.,HIDRAULICA PASADA,PMGD,NO APLICA,1.1,1, ,SISTEMA ELECTRICO NACIONAL,OPERATIVA,11/25/2010 9:00 p. m.,384094,7760400,19 SUR,WGS 1984,TARAPACA,IQUIQUE,ALTO HOSPICIO,COMISION NACIONAL DE ENERGIA,6/29/2018 8:00 p. m.,6/29/2023 8:00 p. m.,POINT (-70.10974619199999 -20.250585079386592),-20.250585079386592,-70.10974619199999
4,1405,13,ALFALFAL II,ALTO MAIPO SPA,HIDRAULICA PASADA, ,NO APLICA,324.2,2,256/2009,SISTEMA ELECTRICO NACIONAL,OPERATIVA,3/25/2022 9:00 p. m.,385400,6284100,19 SUR,WGS 1984,METROPOLITANA DE SANTIAGO,CORDILLERA,SAN JOSE DE MAIPO,COMISION NACIONAL DE ENERGIA,5/21/2008 8:00 p. m.,6/29/2023 8:00 p. m.,POINT (-70.23483069799994 -33.57664618113014),-33.57664618113014,-70.23483069799994
5,1406,14,LAS LAJAS,ALTO MAIPO SPA,HIDRAULICA PASADA, ,NO APLICA,146.25,2,256/2009,SISTEMA ELECTRICO NACIONAL,OPERATIVA,3/25/2022 9:00 p. m.,380220,6286690,19 SUR,WGS 1984,METROPOLITANA DE SANTIAGO,CORDILLERA,SAN JOSE DE MAIPO,COMISION NACIONAL DE ENERGIA,5/21/2008 8:00 p. m.,6/29/2023 8:00 p. m.,POINT (-70.29028637099998 -33.55272205313045),-33.55272205313045,-70.29028637099998
6,1407,15,ALTO RENAICO,ESPINOS S.A.,HIDRAULICA PASADA,PMG,NO APLICA,1.378,1,260/2012,SISTEMA ELECTRICO NACIONAL,OPERATIVA,11/18/2018 9:00 p. m.,200316,5810892,19 SUR,WGS 1984,BIOBIO,BIO-BIO,MULCHEN,COMISION NACIONAL DE ENERGIA,2/28/2012 9:00 p. m.,6/29/2023 8:00 p. m.,POINT (-72.40364449499998 -37.800213258086),-37.800213258086,-72.40364449499998
7,1408,18,ANGOSTURA,COLBUN S.A.,HIDRAULICA EMBALSE, ,NO APLICA,321.0,3,281/2009,SISTEMA ELECTRICO NACIONAL,OPERATIVA,3/31/2014 9:00 p. m.,251710,5822338,19 SUR,WGS 1984,BIOBIO,BIO-BIO,SANTA BARBARA,COMISION NACIONAL DE ENERGIA,6/29/2018 8:00 p. m.,6/29/2023 8:00 p. m.,POINT (-71.81674346899996 -37.712589346086695),-37.712589346086695,-71.81674346899996
8,1409,19,ANTUCO,ENEL GENERACION,HIDRAULICA PASADA, ,NO APLICA,326.125,2, ,SISTEMA ELECTRICO NACIONAL,OPERATIVA,12/31/1980 9:00 p. m.,267212,5867515,19 SUR,WGS 1984,BIOBIO,BIO-BIO,ANTUCO,COMISION NACIONAL DE ENERGIA,6/29/2018 8:00 p. m.,6/29/2023 8:00 p. m.,POINT (-71.62675184799997 -37.30988062509009),-37.30988062509009,-71.62675184799997
9,1410,21,ARRAYAN,HIDROELECTRICA ARRAYAN,HIDRAULICA PASADA,PMGD,NO APLICA,1.2,1,NO APLICA,SISTEMA ELECTRICO NACIONAL,OPERATIVA,12/19/2017 9:00 p. m.,367302,6306764,19 SUR,WGS 1984,METROPOLITANA DE SANTIAGO,SANTIAGO,LO BARNECHEA,COMISION NACIONAL DE ENERGIA,6/29/2018 8:00 p. m.,6/29/2023 8:00 p. m.,POINT (-70.42643685099995 -33.37018857613284),-33.37018857613284,-70.42643685099995
10,1411,22,AUXILIAR DEL MAIPO,CARBOMET ENERGIA S.A.,HIDRAULICA PASADA,PMGD,NO APLICA,5.1,3, ,SISTEMA ELECTRICO NACIONAL,OPERATIVA,12/31/1961 8:00 p. m.,348500,6276264,19 SUR,WGS 1984,METROPOLITANA DE SANTIAGO,MAIPO,SAN BERNARDO,COMISION NACIONAL DE ENERGIA,6/29/2018 8:00 p. m.,6/29/2023 8:00 p. m.,POINT (-70.63364187299999 -33.642689428129344),-33.642689428129344,-70.63364187299999
11,1412,23,AYSEN,EDELAYSEN,HIDRAULICA PASADA, ,NO APLICA,6.6,3, ,SISTEMA ELECTRICO DE AYSEN,OPERATIVA,12/31/1959 8:00 p. m.,209516,4968633,19 SUR,WGS 1984,AYSEN DEL GENERAL CARLOS IBANEZ DEL CAMPO,AISEN,AISEN,COMISION NACIONAL DE ENERGIA,6/29/2018 8:00 p. m.,6/29/2023 8:00 p. m.,POINT (-72.70997560699993 -45.375533762056854),-45.375533762056854,-72.70997560699993
12,1413,26,BLANCO,COLBUN S.A.,HIDRAULICA PASADA, ,NO APLICA,52.8675,1, ,SISTEMA ELECTRICO NACIONAL,OPERATIVA,12/31/1992 9:00 p. m.,375739,6357124,19 SUR,WGS 1984,VALPARAISO,LOS ANDES,LOS ANDES,COMISION NACIONAL DE ENERGIA,6/29/2018 8:00 p. m.,6/29/2023 8:00 p. m.,POINT (-70.328900951 -32.917064975138786),-32.917064975138786,-70.328900951
13,1414,27,BOQUIAMARGO,ELECTRICA SAN MIGUEL,HIDRAULICA PASADA,PMGD,NO APLICA,1.0896,1, ,SISTEMA ELECTRICO NACIONAL,OPERATIVA,5/18/2014 8:00 p. m.,270010,5805505,19 SUR,WGS 1984,BIOBIO,BIO-BIO,ALTO BIOBIO,COMISION NACIONAL DE ENERGIA,6/29/2018 8:00 p. m.,6/29/2023 8:00 p. m.,POINT (-71.61468273899999 -37.86892688808543),-37.86892688808543,-71.61468273899999
14,1415,29,BUREO,PMGD BUREO,HIDRAULICA PASADA,PMGD,NO APLICA,2.156,1,229/2013,SISTEMA ELECTRICO NACIONAL,OPERATIVA,7/12/2015 9:00 p. m.,192813,5833556,19 SUR,WGS 1984,BIOBIO,BIO-BIO,NEGRETE,COMISION NACIONAL DE ENERGIA,6/29/2018 8:00 p. m.,6/29/2023 8:00 p. m.,POINT (-72.47916328499997 -37.59382137508764),-37.59382137508764,-72.47916328499997
15,1416,33,CALIBORO,SOCER S.A.,HIDRAULICA PASADA,PMGD,NO APLICA,1.4,1,211/2014,SISTEMA ELECTRICO NACIONAL,OPERATIVA,7/11/2017 8:00 p. m.,229915,5865989,19 SUR,WGS 1984,BIOBIO,BIO-BIO,QUILLECO,COMISION NACIONAL DE ENERGIA,6/29/2018 8:00 p. m.,6/29/2023 8:00 p. m.,POINT (-72.04765547699999 -37.31353195209005),-37.31353195209005,-72.04765547699999
16,1417,34,CALLAO,HIDROENESUR S.A.,HIDRAULICA PASADA,PMG,NO APLICA,3.29175,2,301/2010,SISTEMA ELECTRICO NACIONAL,OPERATIVA,9/13/2012 9:00 p. m.,218754,5468330,19 SUR,WGS 1984,LOS LAGOS,OSORNO,PUERTO OCTAY,COMISION NACIONAL DE ENERGIA,6/29/2018 8:00 p. m.,6/29/2023 8:00 p. m.,POINT (-72.33819707699998 -40.88781617706623),-40.88781617706623,-72.33819707699998
17,1418,36,CANUTILLAR,COLBUN S.A.,HIDRAULICA EMBALSE, ,NO APLICA,171.57,2, ,SISTEMA ELECTRICO NACIONAL,OPERATIVA,12/31/1989 9:00 p. m.,221186,5397219,19 SUR,WGS 1984,LOS LAGOS,LLANQUIHUE,PUERTO MONTT,COMISION NACIONAL DE ENERGIA,6/29/2018 8:00 p. m.,6/29/2023 8:00 p. m.,POINT (-72.34179358499995 -41.52812830906345),-41.52812830906345,-72.34179358499995
18,1419,37,CAPULLO,EMPRESA ELECTRICA CAPULLO S.A.,HIDRAULICA PASADA, ,NO APLICA,11.84316,1, ,SISTEMA ELECTRICO NACIONAL,OPERATIVA,12/31/1994 9:00 p. m.,213248,5475776,19 SUR,WGS 1984,LOS LAGOS,OSORNO,PUYEHUE,COMISION NACIONAL DE ENERGIA,6/29/2018 8:00 p. m.,6/29/2023 8:00 p. m.,POINT (-72.40001191399995 -40.818948567066506),-40.818948567066506,-72.40001191399995
19,1420,38,CARENA,EMPRESA ELECTRICA INDUSTRIAL S.A.,HIDRAULICA PASADA, ,NO APLICA,8.4,4, ,SISTEMA ELECTRICO NACIONAL,OPERATIVA,12/31/1942 8:00 p. m.,318654,6288398,19 SUR,WGS 1984,METROPOLITANA DE SANTIAGO,MELIPILLA,CURACAVI,COMISION NACIONAL DE ENERGIA,6/29/2018 8:00 p. m.,6/29/2023 8:00 p. m.,POINT (-70.95285813899994 -33.528640414130805),-33.528640414130805,-70.95285813899994
20,1421,39,CARILAFQUEN,ELECTRICA CAREN,HIDRAULICA PASADA, ,NO APLICA,19.2357,2,077/2014,SISTEMA ELECTRICO NACIONAL,OPERATIVA,10/27/2016 9:00 p. m.,281349,5693183,19 SUR,WGS 1984,LA ARAUCANIA,CAUTIN,MELIPEUCO,COMISION NACIONAL DE ENERGIA,6/29/2018 8:00 p. m.,6/29/2023 8:00 p. m.,POINT (-71.52075931299999 -38.88303177107785),-38.88303177107785,-71.52075931299999
21,1422,40,CAVANCHA,CAVANCHA S.A.,HIDRAULICA PASADA,PMGD,NO APLICA,2.592,1, ,SISTEMA ELECTRICO NACIONAL,OPERATIVA,11/3/2010 9:00 p. m.,382248,7761882,19 SUR,WGS 1984,TARAPACA,IQUIQUE,IQUIQUE,COMISION NACIONAL DE ENERGIA,6/29/2018 8:00 p. m.,6/29/2023 8:00 p. m.,POINT (-70.12732163899994 -20.237082968386947),-20.237082968386947,-70.12732163899994
22,1423,44,CHACABUQUITO,COLBUN S.A.,HIDRAULICA PASADA, ,NO APLICA,25.63575,4, ,SISTEMA ELECTRICO NACIONAL,OPERATIVA,12/31/2001 9:00 p. m.,359066,6363941,19 SUR,WGS 1984,VALPARAISO,LOS ANDES,LOS ANDES,COMISION NACIONAL DE ENERGIA,6/29/2018 8:00 p. m.,6/29/2023 8:00 p. m.,POINT (-70.50611858499997 -32.85357073513963),-32.85357073513963,-70.50611858499997
23,1424,45,CHACAYES,PACIFIC HYDRO CHACAYES S.A.,HIDRAULICA PASADA, ,NO APLICA,111.72,2,162/2008,SISTEMA ELECTRICO NACIONAL,OPERATIVA,12/30/2011 9:00 p. m.,366311,6206340,19 SUR,WGS 1984,LIBERTADOR GENERAL BERNARDO O'HIGGINS,CACHAPOAL,MACHALI,COMISION NACIONAL DE ENERGIA,6/29/2018 8:00 p. m.,6/29/2023 8:00 p. m.,POINT (-70.45231651599994 -34.275518991121494),-34.275518991121494,-70.45231651599994
24,1425,47,CHANLEUFU II,CHANLEUFU,HIDRAULICA PASADA,PMGD,NO APLICA,3.4,1, ,SISTEMA ELECTRICO NACIONAL,OPERATIVA,5/18/2016 8:00 p. m.,218077,5487536,19 SUR,WGS 1984,LOS LAGOS,OSORNO,PUYEHUE,COMISION NACIONAL DE ENERGIA,6/29/2018 8:00 p. m.,6/29/2023 8:00 p. m.,POINT (-72.33754671999998 -40.714860089067024),-40.714860089067024,-72.33754671999998
25,1426,48,CHAPIQUINA,ENGIE,HIDRAULICA PASADA, ,NO APLICA,10.832,2, ,SISTEMA ELECTRICO NACIONAL,OPERATIVA,12/31/1966 8:00 p. m.,442028,7968474,19 SUR,WGS 1984,ARICA Y PARINACOTA,PARINACOTA,PUTRE,COMISION NACIONAL DE ENERGIA,6/29/2018 8:00 p. m.,6/29/2023 8:00 p. m.,POINT (-69.54877353499995 -18.372863333434875),-18.372863333434875,-69.54877353499995
26,1427,49,CHIBURGO,COLBUN S.A.,HIDRAULICA PASADA, ,NO APLICA,19.1575,2,137/2005,SISTEMA ELECTRICO NACIONAL,OPERATIVA,7/18/2007 8:00 p. m.,286825,6051044,19 SUR,WGS 1984,MAULE,LINARES,COLBUN,COMISION NACIONAL DE ENERGIA,6/29/2018 8:00 p. m.,6/29/2023 8:00 p. m.,POINT (-71.35501801799995 -35.66146496610593),-35.66146496610593,-71.35501801799995
27,1428,50,CHILCO,GANADERA Y FORESTAL CARRAN LTDA.,HIDRAULICA PASADA,PMGD,NO APLICA,0.2,1,737/2007,SISTEMA ELECTRICO NACIONAL,OPERATIVA,11/26/2020 9:00 p. m.,245740,5529610,19 SUR,WGS 1984,LOS RIOS,RANCO,LAGO RANCO,COMISION NACIONAL DE ENERGIA,4/19/2006 8:00 p. m.,6/29/2023 8:00 p. m.,POINT (-71.99360227799998 -40.34533956806892),-40.34533956806892,-71.99360227799998
28,1429,52,CIPRESES,ENEL GENERACION,HIDRAULICA EMBALSE, ,NO APLICA,96.6415,3, ,SISTEMA ELECTRICO NACIONAL,OPERATIVA,12/31/1954 8:00 p. m.,336627,6038213,19 SUR,WGS 1984,MAULE,TALCA,SAN CLEMENTE,COMISION NACIONAL DE ENERGIA,6/29/2018 8:00 p. m.,6/29/2023 8:00 p. m.,POINT (-70.80773147899998 -35.78659911210463),-35.78659911210463,-70.80773147899998
29,1430,53,CIPRESILLOS,ELECTRICA CIPRESILLOS SPA,HIDRAULICA PASADA, ,NO APLICA,11.85,2,038/2016,SISTEMA ELECTRICO NACIONAL,OPERATIVA,3/27/2023 9:00 p. m.,380250,6188300,19 SUR,WGS 1984,LIBERTADOR GENERAL BERNARDO O'HIGGINS,CACHAPOAL,MACHALI,COMISION NACIONAL DE ENERGIA,12/3/2014 9:00 p. m.,6/29/2023 8:00 p. m.,POINT (-70.30344407799998 -34.43986950311954),-34.43986950311954,-70.30344407799998
30,1431,54,COLBUN,COLBUN S.A.,HIDRAULICA EMBALSE, ,NO APLICA,460.8,2, ,SISTEMA ELECTRICO NACIONAL,OPERATIVA,12/31/1984 9:00 p. m.,285422,6048273,19 SUR,WGS 1984,MAULE,LINARES,COLBUN,COMISION NACIONAL DE ENERGIA,6/29/2018 8:00 p. m.,6/29/2023 8:00 p. m.,POINT (-71.37124428899995 -35.68612401610563),-35.68612401610563,-71.37124428899995
31,1432,55,COLLIL,ENERGIA COLLIL S.A.,HIDRAULICA PASADA,PMGD,NO APLICA,6.997,2,551/2012,SISTEMA ELECTRICO NACIONAL,OPERATIVA,11/10/2014 9:00 p. m.,93213,5271940,19 SUR,WGS 1984,LOS LAGOS,CHILOE,CHONCHI,COMISION NACIONAL DE ENERGIA,6/29/2018 8:00 p. m.,6/29/2023 8:00 p. m.,POINT (-73.95798245299994 -42.59761069405992),-42.59761069405992,-73.95798245299994
32,1433,57,CONTRA,CONTRA,HIDRAULICA PASADA,PMGD,NO APLICA,0.328,1, ,SISTEMA ELECTRICO NACIONAL,OPERATIVA,6/27/2013 8:00 p. m.,170419,5523122,19 SUR,WGS 1984,LOS RIOS,RANCO,RIO BUENO,COMISION NACIONAL DE ENERGIA,6/29/2018 8:00 p. m.,6/29/2023 8:00 p. m.,POINT (-72.88205720499997 -40.37733305106874),-40.37733305106874,-72.88205720499997
33,1434,58,CONVENTO VIEJO,EMBALSE CONVENTO VIEJO S.A.,HIDRAULICA PASADA, ,NO APLICA,15.66,2,147/2007,SISTEMA ELECTRICO NACIONAL,OPERATIVA,2/20/2019 9:00 p. m.,305195,6150620,19 SUR,WGS 1984,LIBERTADOR GENERAL BERNARDO O'HIGGINS,COLCHAGUA,CHIMBARONGO,COMISION NACIONAL DE ENERGIA,8/10/2006 8:00 p. m.,6/29/2023 8:00 p. m.,POINT (-71.12864694199999 -34.76800202011575),-34.76800202011575,-71.12864694199999
34,1435,59,CORRENTOSO,HIDROPALMAR S.A.,HIDRAULICA PASADA,PMG,NO APLICA,8.38,1,380/2008,SISTEMA ELECTRICO NACIONAL,OPERATIVA,4/15/2020 8:00 p. m.,222377,5478896,19 SUR,WGS 1984,LOS LAGOS,OSORNO,PUYEHUE,COMISION NACIONAL DE ENERGIA,9/29/2007 8:00 p. m.,6/29/2023 8:00 p. m.,POINT (-72.29055471599997 -40.794026036066676),-40.794026036066676,-72.29055471599997
35,1436,60,COYA,PACIFIC HYDRO CHILE S.A.,HIDRAULICA PASADA, ,NO APLICA,11.9724,1, ,SISTEMA ELECTRICO NACIONAL,OPERATIVA,7/8/2008 8:00 p. m.,359437,6214070,19 SUR,WGS 1984,LIBERTADOR GENERAL BERNARDO O'HIGGINS,CACHAPOAL,MACHALI,COMISION NACIONAL DE ENERGIA,6/29/2018 8:00 p. m.,6/29/2023 8:00 p. m.,POINT (-70.52571066999997 -34.204922681122355),-34.204922681122355,-70.52571066999997
36,1437,61,CUCHILDEO,EPA S.A.,HIDRAULICA PASADA, ,NO APLICA,0.765,1, ,SISTEMA MEDIANO DE LOS LAGOS,OPERATIVA,12/31/2007 9:00 p. m.,211373,5348800,19 SUR,WGS 1984,LOS LAGOS,PALENA,HUALAIHUE,COMISION NACIONAL DE ENERGIA,6/29/2018 8:00 p. m.,6/29/2023 8:00 p. m.,POINT (-72.48267883699998 -41.95996430506185),-41.95996430506185,-72.48267883699998
37,1438,63,CUMBRES,CUMBRES S.A.,HIDRAULICA PASADA, ,NO APLICA,17.86,2,033/2015,SISTEMA ELECTRICO NACIONAL,OPERATIVA,9/27/2019 9:00 p. m.,228781,5495495,19 SUR,WGS 1984,LOS RIOS,RANCO,RIO BUENO,COMISION NACIONAL DE ENERGIA,8/21/2014 8:00 p. m.,6/29/2023 8:00 p. m.,POINT (-72.20758329399996 -40.646865000067386),-40.646865000067386,-72.20758329399996
38,1439,64,CUMPEO,HIDROELECTRICA CUMPEO S.A.,HIDRAULICA PASADA,PMGD,NO APLICA,5.75,1,156/2014,SISTEMA ELECTRICO NACIONAL,OPERATIVA,10/25/2016 9:00 p. m.,303402,6097481,19 SUR,WGS 1984,MAULE,CURICO,MOLINA,COMISION NACIONAL DE ENERGIA,6/29/2018 8:00 p. m.,6/29/2023 8:00 p. m.,POINT (-71.16078745799996 -35.24649547411038),-35.24649547411038,-71.16078745799996
39,1440,65,CURILEUFU,SOC. AGRICOLA Y GANADERA CURILEUFU LTDA.,HIDRAULICA PASADA,PMGD,NO APLICA,0.2197,2, ,SISTEMA ELECTRICO NACIONAL,OPERATIVA,12/31/2014 9:00 p. m.,199538,5522775,19 SUR,WGS 1984,LOS RIOS,RANCO,RIO BUENO,COMISION NACIONAL DE ENERGIA,6/29/2018 8:00 p. m.,6/29/2023 8:00 p. m.,POINT (-72.53988540599994 -40.39145396506866),-40.39145396506866,-72.53988540599994
40,1441,66,CURILLINQUE,EMPRESA ELECTRICA PEHUENCHE S.A.,HIDRAULICA PASADA, ,NO APLICA,91.77,1, ,SISTEMA ELECTRICO NACIONAL,OPERATIVA,12/31/1992 9:00 p. m.,324563,6035882,19 SUR,WGS 1984,MAULE,TALCA,SAN CLEMENTE,COMISION NACIONAL DE ENERGIA,6/29/2018 8:00 p. m.,6/29/2023 8:00 p. m.,POINT (-70.94166514499994 -35.805523417104425),-35.805523417104425,-70.94166514499994
41,1442,67,DIGUA,ELECTRICA DIGUA SPA,HIDRAULICA PASADA, ,NO APLICA,23.832,2,030/2017,SISTEMA ELECTRICO NACIONAL,OPERATIVA,5/18/2021 8:00 p. m.,270665,5984500,19 SUR,WGS 1984,MAULE,LINARES,PARRAL,COMISION NACIONAL DE ENERGIA,6/19/2016 8:00 p. m.,6/29/2023 8:00 p. m.,POINT (-71.55261804999998 -36.2572111710999),-36.2572111710999,-71.55261804999998
42,1443,69,DON WALTERIO,GENERADORA ELECTRICA RHOM LTDA.,HIDRAULICA PASADA,PMGD,NO APLICA,2.9456,1,707/2006,SISTEMA ELECTRICO NACIONAL,OPERATIVA,4/24/2013 9:00 p. m.,202287,5504390,19 SUR,WGS 1984,LOS RIOS,RANCO,RIO BUENO,COMISION NACIONAL DE ENERGIA,6/29/2018 8:00 p. m.,6/29/2023 8:00 p. m.,POINT (-72.51618006399997 -40.55776021306782),-40.55776021306782,-72.51618006399997
43,1444,70,DONGO,HIDROELECTRICA DONGO SPA,HIDRAULICA PASADA,PMGD,NO APLICA,5.9976,2,723/2008,SISTEMA ELECTRICO NACIONAL,OPERATIVA,12/13/2010 9:00 p. m.,98233,5275560,19 SUR,WGS 1984,LOS LAGOS,CHILOE,CHONCHI,COMISION NACIONAL DE ENERGIA,6/29/2018 8:00 p. m.,6/29/2023 8:00 p. m.,POINT (-73.89446908799994 -42.56775748005998),-42.56775748005998,-73.89446908799994
44,1445,72,DONGUIL,DONGUIL ENERGIA,HIDRAULICA PASADA,PMGD,NO APLICA,0.2494,1, ,SISTEMA ELECTRICO NACIONAL,OPERATIVA,5/27/2011 8:00 p. m.,182305,5663435,19 SUR,WGS 1984,LA ARAUCANIA,CAUTIN,GORBEA,COMISION NACIONAL DE ENERGIA,6/29/2018 8:00 p. m.,6/29/2023 8:00 p. m.,POINT (-72.67459865799998 -39.12035175107623),-39.12035175107623,-72.67459865799998
45,1446,74,DONA HILDA,FORESTAL Y GANADERA CARRAN LTDA,HIDRAULICA PASADA,PMGD,NO APLICA,0.419,1, ,SISTEMA ELECTRICO NACIONAL,OPERATIVA,11/19/2010 9:00 p. m.,244644,5530960,19 SUR,WGS 1984,LOS RIOS,RANCO,LAGO RANCO,COMISION NACIONAL DE ENERGIA,6/29/2018 8:00 p. m.,6/29/2023 8:00 p. m.,POINT (-72.00594997199994 -40.33285926306899),-40.33285926306899,-72.00594997199994
46,1447,75,DOS VALLES,HIDROELECTRICA DOS VALLES S.P.A,HIDRAULICA PASADA,PMG,NO APLICA,4.45,1, ,SISTEMA ELECTRICO NACIONAL,OPERATIVA,9/13/2019 9:00 p. m.,377500,6137034,19 SUR,WGS 1984,LIBERTADOR GENERAL BERNARDO O'HIGGINS,COLCHAGUA,SAN FERNANDO,COMISION NACIONAL DE ENERGIA,9/29/2017 9:00 p. m.,6/29/2023 8:00 p. m.,POINT (-70.340797803 -34.90173376411422),-34.90173376411422,-70.340797803
47,1448,77,EL AGRIO,EL AGRIO HIDRO SPA,HIDRAULICA PASADA,PMGD,NO APLICA,2.4974,1,NO APLICA,SISTEMA ELECTRICO NACIONAL,OPERATIVA,7/17/2016 8:00 p. m.,288312,5730054,19 SUR,WGS 1984,LA ARAUCANIA,MALLECO,CURACAUTIN,COMISION NACIONAL DE ENERGIA,6/29/2018 8:00 p. m.,6/29/2023 8:00 p. m.,POINT (-71.42928311099996 -38.55276357808014),-38.55276357808014,-71.42928311099996
48,1449,79,EL ARRAYAN,ENERGIA RENOVABLE ARRAYAN LTDA,HIDRAULICA PASADA,PMGD,NO APLICA,0.1491,1, ,SISTEMA ELECTRICO NACIONAL,OPERATIVA,5/21/2013 8:00 p. m.,206812,5500072,19 SUR,WGS 1984,LOS RIOS,RANCO,RIO BUENO,COMISION NACIONAL DE ENERGIA,6/29/2018 8:00 p. m.,6/29/2023 8:00 p. m.,POINT (-72.46483552899997 -40.5982027680676),-40.5982027680676,-72.46483552899997
49,1450,80,EL BRINCO,HIDRO MUNILQUE SPA,HIDRAULICA PASADA,PMGD,NO APLICA,0.19,1,441/2015,SISTEMA ELECTRICO NACIONAL,OPERATIVA,5/11/2022 8:00 p. m.,221212,5824850,19 SUR,WGS 1984,BIOBIO,BIO-BIO,MULCHEN,COMISION NACIONAL DE ENERGIA,5/21/2015 9:00 p. m.,6/29/2023 8:00 p. m.,POINT (-72.16131207199999 -37.68121358908695),-37.68121358908695,-72.16131207199999
50,1451,82,EL CANELO,HIDROELECTRICA EL CANELO S.A.,HIDRAULICA PASADA,PMGD,NO APLICA,6.04,2,061/2011,SISTEMA ELECTRICO NACIONAL,OPERATIVA,5/6/2012 8:00 p. m.,260699,5697412,19 SUR,WGS 1984,LA ARAUCANIA,CAUTIN,MELIPEUCO,COMISION NACIONAL DE ENERGIA,6/29/2018 8:00 p. m.,6/29/2023 8:00 p. m.,POINT (-71.75710954699997 -38.83958654207811),-38.83958654207811,-71.75710954699997
51,1452,85,EL COLORADO,DENER S. A.,HIDRAULICA PASADA,PMGD,NO APLICA,1.99,1, ,SISTEMA ELECTRICO NACIONAL,OPERATIVA,8/28/2016 9:00 p. m.,198247,5410039,19 SUR,WGS 1984,LOS LAGOS,LLANQUIHUE,PUERTO MONTT,COMISION NACIONAL DE ENERGIA,6/29/2018 8:00 p. m.,6/29/2023 8:00 p. m.,POINT (-72.60982291299996 -41.40456983806396),-41.40456983806396,-72.60982291299996
52,1453,86,EL DIUTO,MINICENTRAL HIDROELECTRICA EL DIUTO LTDA.,HIDRAULICA PASADA,PMGD,NO APLICA,3.2918,1,209/2009,SISTEMA ELECTRICO NACIONAL,OPERATIVA,4/19/2011 9:00 p. m.,227294,5853750,19 SUR,WGS 1984,BIOBIO,BIO-BIO,LOS ANGELES,COMISION NACIONAL DE ENERGIA,6/29/2018 8:00 p. m.,6/29/2023 8:00 p. m.,POINT (-72.08169893999997 -37.422927867089086),-37.422927867089086,-72.08169893999997
53,1454,87,EL GALPON,ENERBOSCH S.A.,HIDRAULICA PASADA,PMGD,NO APLICA,1.2858,1,095/2015,SISTEMA ELECTRICO NACIONAL,OPERATIVA,6/27/2016 8:00 p. m.,298403,6098374,19 SUR,WGS 1984,MAULE,TALCA,RIO CLARO,COMISION NACIONAL DE ENERGIA,6/29/2018 8:00 p. m.,6/29/2023 8:00 p. m.,POINT (-71.21547583999995 -35.23745600711049),-35.23745600711049,-71.21547583999995
54,1455,89,EL LLANO,ELECTRICA PUNTILLA S.A.,HIDRAULICA PASADA,PMGD,NO APLICA,1.9079,1, ,SISTEMA ELECTRICO NACIONAL,OPERATIVA,12/22/2013 9:00 p. m.,357549,6278711,19 SUR,WGS 1984,METROPOLITANA DE SANTIAGO,CORDILLERA,PIRQUE,COMISION NACIONAL DE ENERGIA,6/29/2018 8:00 p. m.,6/29/2023 8:00 p. m.,POINT (-70.53570537499996 -33.62187738112959),-33.62187738112959,-70.53570537499996
55,1456,90,EL MANZANO (MELIPEUCO),HIDROELECTRICA EL MANZANO S.A.,HIDRAULICA PASADA,PMGD,NO APLICA,4.85,1,193/2007,SISTEMA ELECTRICO NACIONAL,OPERATIVA,12/31/2007 9:00 p. m.,255831,5697510,19 SUR,WGS 1984,LA ARAUCANIA,CAUTIN,MELIPEUCO,COMISION NACIONAL DE ENERGIA,6/29/2018 8:00 p. m.,6/29/2023 8:00 p. m.,POINT (-71.81309923999999 -38.83736767807815),-38.83736767807815,-71.81309923999999
56,1457,93,EL MIRADOR,HIDROELECTRICA EL MIRADOR S.A.,HIDRAULICA PASADA,PMGD,NO APLICA,2.9996,1,NO APLICA,SISTEMA ELECTRICO NACIONAL,OPERATIVA,11/1/2015 9:00 p. m.,270545,5802539,19 SUR,WGS 1984,BIOBIO,BIO-BIO,ALTO BIOBIO,COMISION NACIONAL DE ENERGIA,6/29/2018 8:00 p. m.,6/29/2023 8:00 p. m.,POINT (-71.60954908299993 -37.89576677808523),-37.89576677808523,-71.60954908299993
57,1458,94,MOCHO,HIDROMOCHO S.A.,HIDRAULICA PASADA, ,NO APLICA,14.77,1,104/2011,SISTEMA ELECTRICO NACIONAL,OPERATIVA,1/5/2021 9:00 p. m.,225031,5495950,19 SUR,WGS 1984,LOS RIOS,RANCO,RIO BUENO,COMISION NACIONAL DE ENERGIA,2/24/2011 9:00 p. m.,6/29/2023 8:00 p. m.,POINT (-72.25166654499999 -40.64153281206741),-40.64153281206741,-72.25166654499999
58,1459,95,EL PASO,HIDROELECTRICA EL PASO LTDA.,HIDRAULICA PASADA, ,NO APLICA,59.64,3,217/2012,SISTEMA ELECTRICO NACIONAL,OPERATIVA,3/1/2016 9:00 p. m.,370443,6130064,19 SUR,WGS 1984,LIBERTADOR GENERAL BERNARDO O'HIGGINS,COLCHAGUA,SAN FERNANDO,COMISION NACIONAL DE ENERGIA,6/29/2018 8:00 p. m.,6/29/2023 8:00 p. m.,POINT (-70.41910015599996 -34.96369019811357),-34.96369019811357,-70.41910015599996
59,1460,96,EL PINAR,EL PINAR SPA,HIDRAULICA PASADA, ,NO APLICA,11.3778,2,294/2013,SISTEMA ELECTRICO NACIONAL,OPERATIVA,11/20/2022 9:00 p. m.,265246,5886970,19 SUR,WGS 1984,NUBLE,DIGUILLIN,YUNGAY,COMISION NACIONAL DE ENERGIA,10/16/2012 9:00 p. m.,6/29/2023 8:00 p. m.,POINT (-71.64279088899997 -37.134204583091666),-37.134204583091666,-71.64279088899997
60,1461,98,EL RINCON (RM),SCM,HIDRAULICA PASADA,PMG,NO APLICA,0.284665,1, ,SISTEMA ELECTRICO NACIONAL,OPERATIVA,4/12/2007 8:00 p. m.,356731,6286882,19 SUR,WGS 1984,METROPOLITANA DE SANTIAGO,SANTIAGO,LA FLORIDA,COMISION NACIONAL DE ENERGIA,6/29/2018 8:00 p. m.,6/29/2023 8:00 p. m.,POINT (-70.54320875999997 -33.54809585913049),-33.54809585913049,-70.54320875999997
61,1462,100,EL TARTARO,WENKE Y CIA. LTDA.,HIDRAULICA PASADA,PMGD,NO APLICA,0.1037,1, ,SISTEMA ELECTRICO NACIONAL,OPERATIVA,8/31/2010 8:00 p. m.,341243,6395974,19 SUR,WGS 1984,VALPARAISO,SAN FELIPE,PUTAENDO,COMISION NACIONAL DE ENERGIA,6/29/2018 8:00 p. m.,6/29/2023 8:00 p. m.,POINT (-70.69106065199998 -32.562296851143664),-32.562296851143664,-70.69106065199998
62,1463,102,EL TORO,ENEL GENERACION,HIDRAULICA EMBALSE, ,NO APLICA,446.869,4, ,SISTEMA ELECTRICO NACIONAL,OPERATIVA,12/31/1972 9:00 p. m.,282528,5871789,19 SUR,WGS 1984,BIOBIO,BIO-BIO,ANTUCO,COMISION NACIONAL DE ENERGIA,6/29/2018 8:00 p. m.,6/29/2023 8:00 p. m.,POINT (-71.45282707099994 -37.27509950409039),-37.27509950409039,-71.45282707099994
63,1464,103,EL TORO 2,ENERNUEVAS S.A.,HIDRAULICA PASADA,PMGD,NO APLICA,1.11,1, ,SISTEMA ELECTRICO NACIONAL,OPERATIVA,11/25/2010 9:00 p. m.,390187,7762870,19 SUR,WGS 1984,TARAPACA,IQUIQUE,ALTO HOSPICIO,COMISION NACIONAL DE ENERGIA,6/29/2018 8:00 p. m.,6/29/2023 8:00 p. m.,POINT (-70.05126600199998 -20.22862824138714),-20.22862824138714,-70.05126600199998
64,1465,104,EL TRARO,EDELAYSEN,HIDRAULICA PASADA, ,NO APLICA,0.64,2, ,SISTEMA ELECTRICO DE AYSEN,OPERATIVA,12/31/1986 9:00 p. m.,225866,4763080,19 SUR,WGS 1984,AYSEN DEL GENERAL CARLOS IBANEZ DEL CAMPO,CAPITAN PRAT,COCHRANE,COMISION NACIONAL DE ENERGIA,6/29/2018 8:00 p. m.,6/29/2023 8:00 p. m.,POINT (-72.62146556299996 -47.228493676059706),-47.228493676059706,-72.62146556299996
65,1466,107,ANCOA,HIDROELECTRICA EMBALSE ANCOA,HIDRAULICA PASADA, ,NO APLICA,24.113,2,176/2014,SISTEMA ELECTRICO NACIONAL,OPERATIVA,2/15/2018 9:00 p. m.,302553,6030154,19 SUR,WGS 1984,MAULE,LINARES,COLBUN,COMISION NACIONAL DE ENERGIA,12/22/2013 9:00 p. m.,6/29/2023 8:00 p. m.,POINT (-71.18652861699996 -35.85295059010395),-35.85295059010395,-71.18652861699996
66,1467,109,ENSENADA,HIDROELECTRICA ENSENADA S.A.,HIDRAULICA PASADA,PMGD,NO APLICA,1.2,3,136/2009,SISTEMA ELECTRICO NACIONAL,OPERATIVA,5/22/2013 8:00 p. m.,203417,5424998,19 SUR,WGS 1984,LOS LAGOS,LLANQUIHUE,PUERTO VARAS,COMISION NACIONAL DE ENERGIA,6/29/2018 8:00 p. m.,6/29/2023 8:00 p. m.,POINT (-72.54078899099994 -41.2720045320645),-41.2720045320645,-72.54078899099994
67,1468,111,EYZAGUIRRE,SCM,HIDRAULICA PASADA,PMGD,NO APLICA,1.8715,1, ,SISTEMA ELECTRICO NACIONAL,OPERATIVA,12/31/2002 9:00 p. m.,359847,6280276,19 SUR,WGS 1984,METROPOLITANA DE SANTIAGO,CORDILLERA,PUENTE ALTO,COMISION NACIONAL DE ENERGIA,6/29/2018 8:00 p. m.,6/29/2023 8:00 p. m.,POINT (-70.51069291399995 -33.60807190612975),-33.60807190612975,-70.51069291399995
68,1469,112,FLORIDA,SCM,HIDRAULICA PASADA,PMG,NO APLICA,5.9868,2, ,SISTEMA ELECTRICO NACIONAL,OPERATIVA,12/31/1908 7:17 p. m.,356418,6287038,19 SUR,WGS 1984,METROPOLITANA DE SANTIAGO,SANTIAGO,LA FLORIDA,COMISION NACIONAL DE ENERGIA,6/29/2018 8:00 p. m.,6/29/2023 8:00 p. m.,POINT (-70.54655407699994 -33.54664725613055),-33.54664725613055,-70.54655407699994
69,1470,117,GUAYACAN,ENERGIA COYANCO S.A.,HIDRAULICA PASADA, ,NO APLICA,11.8432,2,187/2009,SISTEMA ELECTRICO NACIONAL,OPERATIVA,3/29/2011 9:00 p. m.,373847,6281050,19 SUR,WGS 1984,METROPOLITANA DE SANTIAGO,CORDILLERA,SAN JOSE DE MAIPO,COMISION NACIONAL DE ENERGIA,6/29/2018 8:00 p. m.,6/29/2023 8:00 p. m.,POINT (-70.35971812399998 -33.60284347212982),-33.60284347212982,-70.35971812399998
70,1471,119,HIDROBONITO MC1,HIDROENESUR S.A.,HIDRAULICA PASADA,PMG,NO APLICA,8.9546,2,001/2012,SISTEMA ELECTRICO NACIONAL,OPERATIVA,5/28/2013 8:00 p. m.,213378,5464790,19 SUR,WGS 1984,LOS LAGOS,OSORNO,PUERTO OCTAY,COMISION NACIONAL DE ENERGIA,6/29/2018 8:00 p. m.,6/29/2023 8:00 p. m.,POINT (-72.40353364099997 -40.9177860530661),-40.9177860530661,-72.40353364099997
71,1472,120,HIDROBONITO MC2,HIDROENESUR S.A.,HIDRAULICA PASADA,PMG,NO APLICA,3.15,1,001/2012,SISTEMA ELECTRICO NACIONAL,OPERATIVA,5/28/2013 8:00 p. m.,213378,5464790,19 SUR,WGS 1984,LOS LAGOS,OSORNO,PUERTO OCTAY,COMISION NACIONAL DE ENERGIA,6/29/2018 8:00 p. m.,6/29/2023 8:00 p. m.,POINT (-72.40353364099997 -40.9177860530661),-40.9177860530661,-72.40353364099997
72,1473,122,LOS PORTONES,LOS PORTONES S.A.,HIDRAULICA PASADA,PMGD,NO APLICA,1.995,2,NO APLICA,SISTEMA ELECTRICO NACIONAL,OPERATIVA,8/22/2017 9:00 p. m.,225123,5530338,19 SUR,WGS 1984,LOS RIOS,RANCO,LAGO RANCO,COMISION NACIONAL DE ENERGIA,6/29/2018 8:00 p. m.,6/29/2023 8:00 p. m.,POINT (-72.23567614999996 -40.332257746068976),-40.332257746068976,-72.23567614999996
73,1474,123,HORNITOS,RIO TRANQUILO S.A.,HIDRAULICA PASADA, ,NO APLICA,60.8475,1,081/2004,SISTEMA ELECTRICO NACIONAL,OPERATIVA,12/31/2007 9:00 p. m.,381850,6359030,19 SUR,WGS 1984,VALPARAISO,LOS ANDES,LOS ANDES,COMISION NACIONAL DE ENERGIA,6/29/2018 8:00 p. m.,6/29/2023 8:00 p. m.,POINT (-70.26331720999997 -32.900553733139034),-32.900553733139034,-70.26331720999997
74,1475,127,ISLA,ENEL GENERACION,HIDRAULICA PASADA, ,NO APLICA,69.881,2, ,SISTEMA ELECTRICO NACIONAL,OPERATIVA,12/31/1962 8:00 p. m.,334210,6035575,19 SUR,WGS 1984,MAULE,TALCA,SAN CLEMENTE,COMISION NACIONAL DE ENERGIA,6/29/2018 8:00 p. m.,6/29/2023 8:00 p. m.,POINT (-70.83501027899996 -35.809966775104364),-35.809966775104364,-70.83501027899996
75,1476,128,ITATA,ELECTRICA PUNTILLA S.A.,HIDRAULICA PASADA, ,NO APLICA,19.43,2,226/2012,SISTEMA ELECTRICO NACIONAL,OPERATIVA,9/8/2016 9:00 p. m.,217121,5894875,19 SUR,WGS 1984,NUBLE,DIGUILLIN,YUNGAY,COMISION NACIONAL DE ENERGIA,6/29/2018 8:00 p. m.,6/29/2023 8:00 p. m.,POINT (-72.18089286299994 -37.04974829409241),-37.04974829409241,-72.18089286299994
76,1477,129,JUNCAL,COLBUN S.A.,HIDRAULICA PASADA, ,NO APLICA,29.127,1, ,SISTEMA ELECTRICO NACIONAL,OPERATIVA,12/31/1993 9:00 p. m.,375762,6357133,19 SUR,WGS 1984,VALPARAISO,LOS ANDES,LOS ANDES,COMISION NACIONAL DE ENERGIA,6/29/2018 8:00 p. m.,6/29/2023 8:00 p. m.,POINT (-70.32865382299997 -32.9169864271388),-32.9169864271388,-70.32865382299997
77,1478,130,JUNCALITO,COLBUN S.A.,HIDRAULICA PASADA,PMG,NO APLICA,1.52,1, ,SISTEMA ELECTRICO NACIONAL,OPERATIVA,12/31/1993 9:00 p. m.,381258,6358960,19 SUR,WGS 1984,VALPARAISO,LOS ANDES,LOS ANDES,COMISION NACIONAL DE ENERGIA,6/29/2018 8:00 p. m.,6/29/2023 8:00 p. m.,POINT (-70.26965482799994 -32.901120902138985),-32.901120902138985,-70.26965482799994
78,1479,131,LA ARENA,EMPRESA ELECTRICA LA ARENA SPA,HIDRAULICA PASADA,PMGD,NO APLICA,6.783,1,131/2013,SISTEMA ELECTRICO NACIONAL,OPERATIVA,11/10/2011 9:00 p. m.,196561,5379190,19 SUR,WGS 1984,LOS LAGOS,LLANQUIHUE,PUERTO MONTT,COMISION NACIONAL DE ENERGIA,6/29/2018 8:00 p. m.,6/29/2023 8:00 p. m.,POINT (-72.64551610399997 -41.68124353506286),-41.68124353506286,-72.64551610399997
79,1480,133,LA BIFURCADA,HIDRO MUNILQUE SPA,HIDRAULICA PASADA,PMGD,NO APLICA,0.226,1,441/2015,SISTEMA ELECTRICO NACIONAL,OPERATIVA,9/8/2017 9:00 p. m.,223995,5823803,19 SUR,WGS 1984,BIOBIO,BIO-BIO,MULCHEN,COMISION NACIONAL DE ENERGIA,6/29/2018 8:00 p. m.,6/29/2023 8:00 p. m.,POINT (-72.13019409299994 -37.69147786908688),-37.69147786908688,-72.13019409299994
80,1481,134,LA COMPANIA II,EMPRESA ELECTRICA LA COMPANIA SPA,HIDRAULICA PASADA,PMGD,NO APLICA,2.555,2,002/2018,SISTEMA ELECTRICO NACIONAL,OPERATIVA,5/13/2020 8:00 p. m.,348134,6220093,19 SUR,WGS 1984,LIBERTADOR GENERAL BERNARDO O'HIGGINS,CACHAPOAL,CODEGUA,COMISION NACIONAL DE ENERGIA,5/23/2017 8:00 p. m.,6/29/2023 8:00 p. m.,POINT (-70.64729792499998 -34.14903877512303),-34.14903877512303,-70.64729792499998
81,1482,135,LA CONFLUENCIA,HIDROELECTRICA LA CONFLUENCIA S.A.,HIDRAULICA PASADA, ,NO APLICA,162.792,2,282/2007,SISTEMA ELECTRICO NACIONAL,OPERATIVA,4/30/2011 9:00 p. m.,357882,6144320,19 SUR,WGS 1984,LIBERTADOR GENERAL BERNARDO O'HIGGINS,COLCHAGUA,SAN FERNANDO,COMISION NACIONAL DE ENERGIA,6/29/2018 8:00 p. m.,6/29/2023 8:00 p. m.,POINT (-70.55422062699995 -34.83349753011502),-34.83349753011502,-70.55422062699995
82,1483,137,LA HIGUERA,HIDROELECTRICA LA HIGUERA S.A.,HIDRAULICA PASADA, ,NO APLICA,154.6125,2,116/2004,SISTEMA ELECTRICO NACIONAL,OPERATIVA,5/1/2011 9:00 p. m.,343078,6153170,19 SUR,WGS 1984,LIBERTADOR GENERAL BERNARDO O'HIGGINS,COLCHAGUA,SAN FERNANDO,COMISION NACIONAL DE ENERGIA,6/29/2018 8:00 p. m.,6/29/2023 8:00 p. m.,POINT (-70.71440553499997 -34.751550491115935),-34.751550491115935,-70.71440553499997
83,1484,138,LA MINA,COLBUN S.A.,HIDRAULICA PASADA, ,NO APLICA,36.73,2,085/2013,SISTEMA ELECTRICO NACIONAL,OPERATIVA,2/20/2018 9:00 p. m.,340321,6034500,19 SUR,WGS 1984,MAULE,TALCA,SAN CLEMENTE,COMISION NACIONAL DE ENERGIA,12/19/2012 9:00 p. m.,6/29/2023 8:00 p. m.,POINT (-70.76761621299994 -35.82066789610426),-35.82066789610426,-70.76761621299994
84,1485,139,LA MONTANA,HIDROELCTRICA PUMA S.A.,HIDRAULICA PASADA,PMGD,NO APLICA,2.975,1, ,SISTEMA ELECTRICO NACIONAL,OPERATIVA,11/15/2016 9:00 p. m.,334109,6132560,19 SUR,WGS 1984,MAULE,CURICO,TENO,COMISION NACIONAL DE ENERGIA,6/29/2018 8:00 p. m.,6/29/2023 8:00 p. m.,POINT (-70.81642937399994 -34.93589263811383),-34.93589263811383,-70.81642937399994
85,1486,140,LA MONTANA II,HIDROELECTRICA RIO CLARO S.A.,HIDRAULICA PASADA,PMGD,NO APLICA,1.8842,1,NO APLICA,SISTEMA ELECTRICO NACIONAL,OPERATIVA,11/2/2017 9:00 p. m.,331196,6132595,19 SUR,WGS 1984,MAULE,CURICO,TENO,COMISION NACIONAL DE ENERGIA,6/29/2018 8:00 p. m.,6/29/2023 8:00 p. m.,POINT (-70.84830369299993 -34.935096195113836),-34.935096195113836,-70.84830369299993
86,1487,141,LA PALOMA,HIDROPALOMA S.A.,HIDRAULICA PASADA,PMGD,NO APLICA,4.416,2,169/2008,SISTEMA ELECTRICO NACIONAL,OPERATIVA,3/28/2010 9:00 p. m.,304885,6601830,19 SUR,WGS 1984,COQUIMBO,LIMARI,OVALLE,COMISION NACIONAL DE ENERGIA,6/29/2018 8:00 p. m.,6/29/2023 8:00 p. m.,POINT (-71.03726599899994 -30.700391120171144),-30.700391120171144,-71.03726599899994
87,1488,143,LA VINA-ALTO LA VINA,HIDRO MUNILQUE SPA,HIDRAULICA PASADA,PMGD,NO APLICA,0.5421,2,441/2015,SISTEMA ELECTRICO NACIONAL,OPERATIVA,8/27/2017 9:00 p. m.,216940,5827219,19 SUR,WGS 1984,BIOBIO,BIO-BIO,MULCHEN,COMISION NACIONAL DE ENERGIA,6/29/2018 8:00 p. m.,6/29/2023 8:00 p. m.,POINT (-72.20876614299993 -37.65858649308712),-37.65858649308712,-72.20876614299993
88,1489,144,LAGO ATRAVESADO,EDELAYSEN,HIDRAULICA PASADA, ,NO APLICA,11.0,2,017/2000,SISTEMA ELECTRICO DE AYSEN,OPERATIVA,12/31/2002 9:00 p. m.,244225,4927785,19 SUR,WGS 1984,AYSEN DEL GENERAL CARLOS IBANEZ DEL CAMPO,COIHAYQUE,COIHAYQUE,COMISION NACIONAL DE ENERGIA,6/29/2018 8:00 p. m.,6/29/2023 8:00 p. m.,POINT (-72.28883514699999 -45.75613774605711),-45.75613774605711,-72.28883514699999
89,1490,145,LAJA I,EOLICA MONTE REDONDO S.A.,HIDRAULICA PASADA, ,NO APLICA,34.056,2,248/2008,SISTEMA ELECTRICO NACIONAL,OPERATIVA,5/27/2015 9:00 p. m.,186842,5872212,19 SUR,WGS 1984,BIOBIO,BIO-BIO,LAJA,COMISION NACIONAL DE ENERGIA,6/29/2018 8:00 p. m.,6/29/2023 8:00 p. m.,POINT (-72.53028941599996 -37.24403849309066),-37.24403849309066,-72.53028941599996
90,1491,147,LAS FLORES,HIDROELECTRICA LAS FLORES S.A.,HIDRAULICA PASADA,PMGD,NO APLICA,1.4,1, ,SISTEMA ELECTRICO NACIONAL,OPERATIVA,1/7/2015 9:00 p. m.,218338,5557610,19 SUR,WGS 1984,LOS RIOS,RANCO,FUTRONO,COMISION NACIONAL DE ENERGIA,6/29/2018 8:00 p. m.,6/29/2023 8:00 p. m.,POINT (-72.30347676499997 -40.08470140507032),-40.08470140507032,-72.30347676499997
91,1492,151,LAS VERTIENTES,ELECTRICA PUNTILLA S.A.,HIDRAULICA PASADA,PMGD,NO APLICA,1.8646,1, ,SISTEMA ELECTRICO NACIONAL,OPERATIVA,12/22/2013 9:00 p. m.,363629,6282048,19 SUR,WGS 1984,METROPOLITANA DE SANTIAGO,CORDILLERA,PIRQUE,COMISION NACIONAL DE ENERGIA,6/29/2018 8:00 p. m.,6/29/2023 8:00 p. m.,POINT (-70.46966793899998 -33.59258568212999),-33.59258568212999,-70.46966793899998
92,1493,152,LICAN,EMPRESA ELECTRICA LICAN S.A.,HIDRAULICA PASADA, ,NO APLICA,17.955,2,000/2010,SISTEMA ELECTRICO NACIONAL,OPERATIVA,6/3/2011 8:00 p. m.,212266,5498080,19 SUR,WGS 1984,LOS RIOS,RANCO,RIO BUENO,COMISION NACIONAL DE ENERGIA,6/29/2018 8:00 p. m.,6/29/2023 8:00 p. m.,POINT (-72.40139941399997 -40.61803123906748),-40.61803123906748,-72.40139941399997
93,1494,154,LIRCAY,HIDROLIRCAY,HIDRAULICA PASADA, ,NO APLICA,18.9525,2,414/2006,SISTEMA ELECTRICO NACIONAL,OPERATIVA,3/8/2009 9:00 p. m.,294988,6065020,19 SUR,WGS 1984,MAULE,TALCA,SAN CLEMENTE,COMISION NACIONAL DE ENERGIA,6/29/2018 8:00 p. m.,6/29/2023 8:00 p. m.,POINT (-71.26135602399995 -35.537277829107225),-35.537277829107225,-71.26135602399995
94,1495,156,LLAUQUEREO,HIDROELECTRICA LLEUQUEREO S.A.,HIDRAULICA PASADA,PMG,NO APLICA,1.755,1, ,SISTEMA ELECTRICO NACIONAL,OPERATIVA,8/6/2015 9:00 p. m.,277063,5839243,19 SUR,WGS 1984,BIOBIO,BIO-BIO,SANTA BARBARA,COMISION NACIONAL DE ENERGIA,6/29/2018 8:00 p. m.,6/29/2023 8:00 p. m.,POINT (-71.52423691599995 -37.566885113087906),-37.566885113087906,-71.52423691599995
95,1496,157,LOMA ALTA,EMPRESA ELECTRICA PEHUENCHE S.A.,HIDRAULICA PASADA, ,NO APLICA,39.932,1, ,SISTEMA ELECTRICO NACIONAL,OPERATIVA,12/31/1996 9:00 p. m.,320898,6037440,19 SUR,WGS 1984,MAULE,TALCA,SAN CLEMENTE,COMISION NACIONAL DE ENERGIA,6/29/2018 8:00 p. m.,6/29/2023 8:00 p. m.,POINT (-70.98185749699996 -35.790822686104555),-35.790822686104555,-70.98185749699996
96,1497,159,LOS BAJOS,CARBOMET ENERGIA S.A.,HIDRAULICA PASADA,PMGD,NO APLICA,5.4725,1, ,SISTEMA ELECTRICO NACIONAL,OPERATIVA,12/31/1943 8:00 p. m.,352088,6277128,19 SUR,WGS 1984,METROPOLITANA DE SANTIAGO,CORDILLERA,PUENTE ALTO,COMISION NACIONAL DE ENERGIA,6/29/2018 8:00 p. m.,6/29/2023 8:00 p. m.,POINT (-70.59482166199996 -33.63540473212943),-33.63540473212943,-70.59482166199996
97,1498,160,LOS COLONOS,EMPRESA ELECTRICA RIO PUMA SPA.,HIDRAULICA PASADA,PMGD,NO APLICA,0.6399,1, ,SISTEMA ELECTRICO NACIONAL,OPERATIVA,7/10/2014 8:00 p. m.,189889,5453900,19 SUR,WGS 1984,LOS LAGOS,OSORNO,PUERTO OCTAY,COMISION NACIONAL DE ENERGIA,6/29/2018 8:00 p. m.,6/29/2023 8:00 p. m.,POINT (-72.68737979499997 -41.00711998506567),-41.00711998506567,-72.68737979499997
98,1499,162,LOS CORRALES,AGRICOLA ALEJANDRO PONCE EIRL,HIDRAULICA PASADA,PMGD,NO APLICA,0.8,1, ,SISTEMA ELECTRICO NACIONAL,OPERATIVA,9/17/2010 8:00 p. m.,219714,5495120,19 SUR,WGS 1984,LOS RIOS,RANCO,PUYEHUE,COMISION NACIONAL DE ENERGIA,6/29/2018 8:00 p. m.,6/29/2023 8:00 p. m.,POINT (-72.31481372299999 -40.64721091406737),-40.64721091406737,-72.31481372299999
99,1500,163,LOS CORRALES II,AGRICOLA ALEJANDRO PONCE EIRL,HIDRAULICA PASADA,PMGD,NO APLICA,1.025,1, ,SISTEMA ELECTRICO NACIONAL,OPERATIVA,2/5/2013 9:00 p. m.,219713,5495124,19 SUR,WGS 1984,LOS RIOS,RANCO,RIO BUENO,COMISION NACIONAL DE ENERGIA,6/29/2018 8:00 p. m.,6/29/2023 8:00 p. m.,POINT (-72.31482374799998 -40.64717460006735),-40.64717460006735,-72.31482374799998
100,1501,164,LOS HIERROS,EMPRESA ELECTRICAS AGUAS DEL MELADO S.A.,HIDRAULICA PASADA, ,NO APLICA,25.0,2,190/2010,SISTEMA ELECTRICO NACIONAL,OPERATIVA,4/11/2014 9:00 p. m.,313639,6029850,19 SUR,WGS 1984,MAULE,LINARES,COLBUN,COMISION NACIONAL DE ENERGIA,6/29/2018 8:00 p. m.,6/29/2023 8:00 p. m.,POINT (-71.06390683899998 -35.85786073710387),-35.85786073710387,-71.06390683899998
101,1502,165,LOS HIERROS II,EMPRESA ELECTRICA PORTEZUELO SPA.,HIDRAULICA PASADA,PMG,NO APLICA,6.0,1,007/2012,SISTEMA ELECTRICO NACIONAL,OPERATIVA,9/20/2015 9:00 p. m.,312240,6031820,19 SUR,WGS 1984,MAULE,LINARES,COLBUN,COMISION NACIONAL DE ENERGIA,6/29/2018 8:00 p. m.,6/29/2023 8:00 p. m.,POINT (-71.07892779199994 -35.839843509104085),-35.839843509104085,-71.07892779199994
102,1503,168,LOS MOLLES,ENEL GENERACION,HIDRAULICA PASADA, ,NO APLICA,17.9514,2, ,SISTEMA ELECTRICO NACIONAL,OPERATIVA,12/31/1951 8:00 p. m.,348112,6597668,19 SUR,WGS 1984,COQUIMBO,LIMARI,MONTE PATRIA,COMISION NACIONAL DE ENERGIA,6/29/2018 8:00 p. m.,6/29/2023 8:00 p. m.,POINT (-70.58669873199995 -30.744229471170474),-30.744229471170474,-70.58669873199995
103,1504,169,LOS MORROS,CIA. EMPRESA LOS MORROS S.A.,HIDRAULICA PASADA,PMGD,NO APLICA,3.0535,5, ,SISTEMA ELECTRICO NACIONAL,OPERATIVA,12/31/1929 8:00 p. m.,346425,6275666,19 SUR,WGS 1984,METROPOLITANA DE SANTIAGO,MAIPO,SAN BERNARDO,COMISION NACIONAL DE ENERGIA,6/29/2018 8:00 p. m.,6/29/2023 8:00 p. m.,POINT (-70.65611198499994 -33.647783179129256),-33.647783179129256,-70.65611198499994
104,1505,170,LOS PADRES,LOS PADRES HIDRO S.A.,HIDRAULICA PASADA,PMGD,NO APLICA,2.181,1, ,SISTEMA ELECTRICO NACIONAL,OPERATIVA,5/21/2014 8:00 p. m.,260858,5843123,19 SUR,WGS 1984,BIOBIO,BIO-BIO,QUILLECO,COMISION NACIONAL DE ENERGIA,6/29/2018 8:00 p. m.,6/29/2023 8:00 p. m.,POINT (-71.70627497299995 -37.52788723708824),-37.52788723708824,-71.70627497299995
105,1506,174,LOS QUILOS,COLBUN S.A.,HIDRAULICA PASADA, ,NO APLICA,39.8003,3, ,SISTEMA ELECTRICO NACIONAL,OPERATIVA,12/31/1942 8:00 p. m.,368282,6362640,19 SUR,WGS 1984,VALPARAISO,LOS ANDES,SAN ESTEBAN,COMISION NACIONAL DE ENERGIA,6/29/2018 8:00 p. m.,6/29/2023 8:00 p. m.,POINT (-70.40784198099993 -32.866449619139495),-32.866449619139495,-70.40784198099993
106,1507,175,MACHICURA,COLBUN S.A.,HIDRAULICA EMBALSE, ,NO APLICA,94.7625,2, ,SISTEMA ELECTRICO NACIONAL,OPERATIVA,12/31/1984 9:00 p. m.,283144,6043075,19 SUR,WGS 1984,MAULE,LINARES,COLBUN,COMISION NACIONAL DE ENERGIA,6/29/2018 8:00 p. m.,6/29/2023 8:00 p. m.,POINT (-71.39780104799996 -35.732451684105186),-35.732451684105186,-71.39780104799996
107,1508,176,MAISAN,ABASTIBLE S.A.,HIDRAULICA PASADA,PMGD,NO APLICA,0.59,2, ,SISTEMA ELECTRICO NACIONAL,OPERATIVA,12/9/2013 9:00 p. m.,182611,5678630,19 SUR,WGS 1984,LA ARAUCANIA,CAUTIN,PITRUFQUEN,COMISION NACIONAL DE ENERGIA,6/29/2018 8:00 p. m.,6/29/2023 8:00 p. m.,POINT (-72.66398895299994 -38.98381796307714),-38.98381796307714,-72.66398895299994
108,1509,177,MAITENES,AES ANDES,HIDRAULICA PASADA, ,NO APLICA,26.92,5, ,SISTEMA ELECTRICO NACIONAL,OPERATIVA,12/31/1922 7:17 p. m.,382836,6289164,19 SUR,WGS 1984,METROPOLITANA DE SANTIAGO,CORDILLERA,SAN JOSE DE MAIPO,COMISION NACIONAL DE ENERGIA,6/29/2018 8:00 p. m.,6/29/2023 8:00 p. m.,POINT (-70.26178821999997 -33.53070346913073),-33.53070346913073,-70.26178821999997
109,1510,178,MALALCAHUELLO,ELECTRICA CAREN,HIDRAULICA PASADA, ,NO APLICA,9.154,2,077/2014,SISTEMA ELECTRICO NACIONAL,OPERATIVA,10/27/2016 9:00 p. m.,281349,5693183,19 SUR,WGS 1984,LA ARAUCANIA,CAUTIN,MELIPEUCO,COMISION NACIONAL DE ENERGIA,6/29/2018 8:00 p. m.,6/29/2023 8:00 p. m.,POINT (-71.52075931299999 -38.88303177107785),-38.88303177107785,-71.52075931299999
110,1511,179,MALLARAUCO,HIDROELECTRICA MALLARAUCO S.A.,HIDRAULICA PASADA,PMGD,NO APLICA,3.3915,1,459/2010,SISTEMA ELECTRICO NACIONAL,OPERATIVA,6/23/2011 8:00 p. m.,313991,6281790,19 SUR,WGS 1984,METROPOLITANA DE SANTIAGO,MELIPILLA,MELIPILLA,COMISION NACIONAL DE ENERGIA,6/29/2018 8:00 p. m.,6/29/2023 8:00 p. m.,POINT (-71.00442199999998 -33.58740334312998),-33.58740334312998,-71.00442199999998
111,1512,180,MAMPIL,DUQUECO SPA,HIDRAULICA PASADA, ,NO APLICA,54.9065,2,220/1996,SISTEMA ELECTRICO NACIONAL,OPERATIVA,12/31/1999 9:00 p. m.,260786,5842176,19 SUR,WGS 1984,BIOBIO,BIO-BIO,SANTA BARBARA,COMISION NACIONAL DE ENERGIA,6/29/2018 8:00 p. m.,6/29/2023 8:00 p. m.,POINT (-71.70739735499996 -37.53639491208822),-37.53639491208822,-71.70739735499996
112,1513,183,MARIA ELENA,GENERADORA ELECTRICA MARIA ELENA LTDA.,HIDRAULICA PASADA,PMGD,NO APLICA,0.285,1, ,SISTEMA ELECTRICO NACIONAL,OPERATIVA,11/13/2014 9:00 p. m.,205658,5480710,19 SUR,WGS 1984,LOS LAGOS,OSORNO,PUYEHUE,COMISION NACIONAL DE ENERGIA,6/29/2018 8:00 p. m.,6/29/2023 8:00 p. m.,POINT (-72.48752412999994 -40.77189727806679),-40.77189727806679,-72.48752412999994
113,1514,184,MARIPOSAS,HIDROELECTRICA RIO LIRCAY S.A.,HIDRAULICA PASADA,PMG,NO APLICA,6.2855,1,139/2009,SISTEMA ELECTRICO NACIONAL,OPERATIVA,3/25/2011 9:00 p. m.,294883,6058490,19 SUR,WGS 1984,MAULE,TALCA,SAN CLEMENTE,COMISION NACIONAL DE ENERGIA,6/29/2018 8:00 p. m.,6/29/2023 8:00 p. m.,POINT (-71.26416869899998 -35.59608841010665),-35.59608841010665,-71.26416869899998
114,1515,185,MCH DOSAL,DOSAL HNOS. Y CIA. LTDA.,HIDRAULICA PASADA,PMGD,NO APLICA,0.2696,1, ,SISTEMA ELECTRICO NACIONAL,OPERATIVA,6/16/2015 9:00 p. m.,336570,6038143,19 SUR,WGS 1984,MAULE,CURICO,CURICO,COMISION NACIONAL DE ENERGIA,6/29/2018 8:00 p. m.,6/29/2023 8:00 p. m.,POINT (-70.80837619999994 -35.78722045310461),-35.78722045310461,-70.80837619999994
115,1516,187,MELO,SOCER S.A.,HIDRAULICA PASADA,PMGD,NO APLICA,2.97,1,204/2014,SISTEMA ELECTRICO NACIONAL,OPERATIVA,11/6/2017 9:00 p. m.,223355,5868660,19 SUR,WGS 1984,BIOBIO,BIO-BIO,QUILLECO,COMISION NACIONAL DE ENERGIA,6/29/2018 8:00 p. m.,6/29/2023 8:00 p. m.,POINT (-72.12058539399999 -37.287562675090285),-37.287562675090285,-72.12058539399999
116,1517,190,MINIHIDRO SANTA ROSA,ENERNUEVAS S.A.,HIDRAULICA PASADA,PMGD,NO APLICA,1.25,1, ,SISTEMA ELECTRICO NACIONAL,OPERATIVA,5/25/2015 9:00 p. m.,388442,7754845,19 SUR,WGS 1984,TARAPACA,IQUIQUE,LLANQUIHUE,COMISION NACIONAL DE ENERGIA,6/29/2018 8:00 p. m.,6/29/2023 8:00 p. m.,POINT (-70.06846534999994 -20.30103199338533),-20.30103199338533,-70.06846534999994
117,1518,192,MOLINERA VILLARRICA,CIA MOLINERA VILLARRICA LTDA,HIDRAULICA PASADA,PMGD,NO APLICA,0.5966,1, ,SISTEMA ELECTRICO NACIONAL,OPERATIVA,3/2/2016 9:00 p. m.,221635,5645156,19 SUR,WGS 1984,LA ARAUCANIA,CAUTIN,VILLARRICA,COMISION NACIONAL DE ENERGIA,6/29/2018 8:00 p. m.,6/29/2023 8:00 p. m.,POINT (-72.22793836199997 -39.29825179307505),-39.29825179307505,-72.22793836199997
118,1519,196,MONREAL,EDELAYSEN,HIDRAULICA PASADA, ,NO APLICA,3.0,1, ,SISTEMA ELECTRICO DE AYSEN,OPERATIVA,12/31/2012 9:00 p. m.,262408,4915840,19 SUR,WGS 1984,AYSEN DEL GENERAL CARLOS IBANEZ DEL CAMPO,COIHAYQUE,COIHAYQUE,COMISION NACIONAL DE ENERGIA,6/29/2018 8:00 p. m.,6/29/2023 8:00 p. m.,POINT (-72.06126357999995 -45.869985005057224),-45.869985005057224,-72.06126357999995
119,1520,198,MSA-I,MINICENTRALES ARAUCANIA S.A.,HIDRAULICA PASADA,PMGD,NO APLICA,3.0,3,NO APLICA,SISTEMA ELECTRICO NACIONAL,OPERATIVA,7/30/2018 8:00 p. m.,235771,5659715,19 SUR,WGS 1984,LA ARAUCANIA,CAUTIN,VILLARRICA,COMISION NACIONAL DE ENERGIA,11/20/2014 9:00 p. m.,6/29/2023 8:00 p. m.,POINT (-72.05854279299996 -39.17167635207587),-39.17167635207587,-72.05854279299996
120,1521,199,MUCHI,HIDROMUCHI S.A.,HIDRAULICA PASADA,PMGD,NO APLICA,0.9975,2, ,SISTEMA ELECTRICO NACIONAL,OPERATIVA,9/21/2011 9:00 p. m.,225803,5532143,19 SUR,WGS 1984,LOS RIOS,RANCO,LAGO RANCO,COMISION NACIONAL DE ENERGIA,6/29/2018 8:00 p. m.,6/29/2023 8:00 p. m.,POINT (-72.22690963899998 -40.31624534106904),-40.31624534106904,-72.22690963899998
121,1522,200,MUNILQUE,PMGD BUREO,HIDRAULICA PASADA,PMGD,NO APLICA,0.5469,1,229/2013,SISTEMA ELECTRICO NACIONAL,OPERATIVA,8/12/2015 9:00 p. m.,197305,5835760,19 SUR,WGS 1984,BIOBIO,BIO-BIO,MULCHEN,COMISION NACIONAL DE ENERGIA,6/29/2018 8:00 p. m.,6/29/2023 8:00 p. m.,POINT (-72.42746110099995 -37.575479250087795),-37.575479250087795,-72.42746110099995
122,1523,201,MUNILQUE II,PMGD BUREO,HIDRAULICA PASADA,PMGD,NO APLICA,0.5469,1,229/2013,SISTEMA ELECTRICO NACIONAL,OPERATIVA,8/12/2015 9:00 p. m.,196964,5836102,19 SUR,WGS 1984,BIOBIO,BIO-BIO,MULCHEN,COMISION NACIONAL DE ENERGIA,6/29/2018 8:00 p. m.,6/29/2023 8:00 p. m.,POINT (-72.43117460399998 -37.57229003708786),-37.57229003708786,-72.43117460399998
123,1524,202,NALCAS,HIDROENESUR S.A.,HIDRAULICA PASADA,PMG,NO APLICA,6.783,3,420/2009,SISTEMA ELECTRICO NACIONAL,OPERATIVA,9/13/2012 9:00 p. m.,218628,5467510,19 SUR,WGS 1984,LOS LAGOS,OSORNO,PUERTO OCTAY,COMISION NACIONAL DE ENERGIA,6/29/2018 8:00 p. m.,6/29/2023 8:00 p. m.,POINT (-72.34006142899995 -40.895147225066175),-40.895147225066175,-72.34006142899995
124,1525,209,OJOS DE AGUA,ENEL GENERACION,HIDRAULICA PASADA,PMG,NO APLICA,8.9847,1,011/2006,SISTEMA ELECTRICO NACIONAL,OPERATIVA,6/26/2008 8:00 p. m.,336641,6038290,19 SUR,WGS 1984,MAULE,TALCA,SAN CLEMENTE,COMISION NACIONAL DE ENERGIA,6/29/2018 8:00 p. m.,6/29/2023 8:00 p. m.,POINT (-70.80756092099995 -35.78590753410466),-35.78590753410466,-70.80756092099995
125,1526,211,PALACIOS,HIDROELECTRICA PALACIOS SPA.,HIDRAULICA PASADA,PMG,NO APLICA,3.017,1,NO APLICA,SISTEMA ELECTRICO NACIONAL,OPERATIVA,11/4/2019 9:00 p. m.,377447,6137044,19 SUR,WGS 1984,LIBERTADOR GENERAL BERNARDO O'HIGGINS,COLCHAGUA,SAN FERNANDO,COMISION NACIONAL DE ENERGIA,8/4/2016 8:00 p. m.,6/29/2023 8:00 p. m.,POINT (-70.34137629599996 -34.90163721311421),-34.90163721311421,-70.34137629599996
126,1527,212,PALMAR,HIDROPALMAR S.A.,HIDRAULICA PASADA,PMG,NO APLICA,8.57,2,380/2008,SISTEMA ELECTRICO NACIONAL,OPERATIVA,4/15/2020 8:00 p. m.,218925,5478903,19 SUR,WGS 1984,LOS LAGOS,OSORNO,PUYEHUE,COMISION NACIONAL DE ENERGIA,9/29/2007 8:00 p. m.,6/29/2023 8:00 p. m.,POINT (-72.33140126299998 -40.79278965806663),-40.79278965806663,-72.33140126299998
127,1528,213,PALMUCHO,ENEL GENERACION,HIDRAULICA PASADA, ,NO APLICA,31.952,1,231/2005,SISTEMA ELECTRICO NACIONAL,OPERATIVA,11/27/2007 9:00 p. m.,282787,5786220,19 SUR,WGS 1984,BIOBIO,BIO-BIO,ALTO BIOBIO,COMISION NACIONAL DE ENERGIA,6/29/2018 8:00 p. m.,6/29/2023 8:00 p. m.,POINT (-71.47537807399993 -38.04571523108402),-38.04571523108402,-71.47537807399993
128,1529,215,PANGUE,ENEL GENERACION,HIDRAULICA EMBALSE, ,NO APLICA,465.8325,2, ,SISTEMA ELECTRICO NACIONAL,OPERATIVA,12/31/1995 9:00 p. m.,270364,5800866,19 SUR,WGS 1984,BIOBIO,BIO-BIO,ALTO BIOBIO,COMISION NACIONAL DE ENERGIA,6/29/2018 8:00 p. m.,6/29/2023 8:00 p. m.,POINT (-71.61213834999995 -37.910784263085105),-37.910784263085105,-71.61213834999995
129,1530,219,PEHUENCHE,EMPRESA ELECTRICA PEHUENCHE S.A.,HIDRAULICA EMBALSE, ,NO APLICA,543.33,2, ,SISTEMA ELECTRICO NACIONAL,OPERATIVA,12/31/1990 9:00 p. m.,304330,6043751,19 SUR,WGS 1984,MAULE,LINARES,COLBUN,COMISION NACIONAL DE ENERGIA,6/29/2018 8:00 p. m.,6/29/2023 8:00 p. m.,POINT (-71.16353801499997 -35.730800745105185),-35.730800745105185,-71.16353801499997
130,1531,220,PEHUI,PEHUI LTDA.,HIDRAULICA PASADA,PMGD,NO APLICA,1.1,1, ,SISTEMA ELECTRICO NACIONAL,OPERATIVA,1/31/2001 9:00 p. m.,202286,5504510,19 SUR,WGS 1984,LOS RIOS,RANCO,RIO BUENO,COMISION NACIONAL DE ENERGIA,6/29/2018 8:00 p. m.,6/29/2023 8:00 p. m.,POINT (-72.51613533099999 -40.55668082106782),-40.55668082106782,-72.51613533099999
131,1532,225,PEUCHEN,DUQUECO SPA,HIDRAULICA PASADA, ,NO APLICA,84.8725,2,220/1996,SISTEMA ELECTRICO NACIONAL,OPERATIVA,12/31/1999 9:00 p. m.,270621,5841925,19 SUR,WGS 1984,BIOBIO,BIO-BIO,SANTA BARBARA,COMISION NACIONAL DE ENERGIA,6/29/2018 8:00 p. m.,6/29/2023 8:00 p. m.,POINT (-71.59627124599996 -37.54115393708816),-37.54115393708816,-71.59627124599996
132,1533,226,PICHILONCO,GM HOLDINGS S.A.,HIDRAULICA PASADA,PMGD,NO APLICA,1.15,1, ,SISTEMA ELECTRICO NACIONAL,OPERATIVA,8/17/2014 8:00 p. m.,219747,5529398,19 SUR,WGS 1984,LOS RIOS,RANCO,LAGO RANCO,COMISION NACIONAL DE ENERGIA,6/29/2018 8:00 p. m.,6/29/2023 8:00 p. m.,POINT (-72.29927276399997 -40.33892582806892),-40.33892582806892,-72.29927276399997
133,1534,228,PILMAIQUEN,ENEL GREEN POWER CHILE,HIDRAULICA PASADA, ,NO APLICA,40.6776,5, ,SISTEMA ELECTRICO NACIONAL,OPERATIVA,12/31/1943 8:00 p. m.,191397,5495032,19 SUR,WGS 1984,LOS RIOS,RANCO,RIO BUENO,COMISION NACIONAL DE ENERGIA,6/29/2018 8:00 p. m.,6/29/2023 8:00 p. m.,POINT (-72.64913271699999 -40.63791064606742),-40.63791064606742,-72.64913271699999
134,1535,230,PIUTEL,PIUTEL GENERACION ELECTRICA,HIDRAULICA PASADA,PMGD,NO APLICA,0.5586,1,NO APLICA,SISTEMA ELECTRICO NACIONAL,OPERATIVA,2/9/2017 9:00 p. m.,205580,5595663,19 SUR,WGS 1984,LOS RIOS,VALDIVIA,PANGUIPULLI,COMISION NACIONAL DE ENERGIA,6/29/2018 8:00 p. m.,6/29/2023 8:00 p. m.,POINT (-72.43569774399998 -39.73810546307231),-39.73810546307231,-72.43569774399998
135,1536,231,RIO MULCHEN,CENTRAL HIDROELECTRICA RIO MULCHEN S.A.,HIDRAULICA PASADA,PMGD,NO APLICA,2.9751,1,122/2011,SISTEMA ELECTRICO NACIONAL,OPERATIVA,3/31/2016 9:00 p. m.,222227,5806000,19 SUR,WGS 1984,BIOBIO,BIO-BIO,MULCHEN,COMISION NACIONAL DE ENERGIA,6/29/2018 8:00 p. m.,6/29/2023 8:00 p. m.,POINT (-72.15702899099995 -37.851163420085584),-37.851163420085584,-72.15702899099995
136,1537,232,PROVIDENCIA,HIDROLIRCAY,HIDRAULICA PASADA, ,NO APLICA,14.129,2,090/2011,SISTEMA ELECTRICO NACIONAL,OPERATIVA,3/27/2013 9:00 p. m.,293770,6072490,19 SUR,WGS 1984,MAULE,TALCA,SAN CLEMENTE,COMISION NACIONAL DE ENERGIA,6/29/2018 8:00 p. m.,6/29/2023 8:00 p. m.,POINT (-71.27288364699996 -35.46972372810795),-35.46972372810795,-71.27288364699996
137,1538,233,PUCLARO,HIDROELECTRICA PUCLARO S.A.,HIDRAULICA PASADA,PMGD,NO APLICA,5.376,2,107/2006,SISTEMA ELECTRICO NACIONAL,OPERATIVA,4/30/2008 8:00 p. m.,320216,6680190,19 SUR,WGS 1984,COQUIMBO,ELQUI,VICUNA,COMISION NACIONAL DE ENERGIA,6/29/2018 8:00 p. m.,6/29/2023 8:00 p. m.,POINT (-70.86381773999994 -29.996050953182465),-29.996050953182465,-70.86381773999994
138,1539,236,PULELFU,EMPRESA ELECTRICA LA LEONERA S.A.,HIDRAULICA PASADA,PMG,NO APLICA,8.955,2,270/2007,SISTEMA ELECTRICO NACIONAL,OPERATIVA,7/6/2016 8:00 p. m.,214453,5476820,19 SUR,WGS 1984,LOS LAGOS,OSORNO,PUYEHUE,COMISION NACIONAL DE ENERGIA,6/29/2018 8:00 p. m.,6/29/2023 8:00 p. m.,POINT (-72.38527026799994 -40.80998005906652),-40.80998005906652,-72.38527026799994
139,1540,237,PULLINQUE,ENEL GREEN POWER CHILE,HIDRAULICA PASADA, ,NO APLICA,51.1584,3, ,SISTEMA ELECTRICO NACIONAL,OPERATIVA,12/31/1961 8:00 p. m.,223733,5612170,19 SUR,WGS 1984,LOS RIOS,VALDIVIA,PANGUIPULLI,COMISION NACIONAL DE ENERGIA,6/29/2018 8:00 p. m.,6/29/2023 8:00 p. m.,POINT (-72.21728684299995 -39.59568162007318),-39.59568162007318,-72.21728684299995
140,1541,239,PUNTILLA,ELECTRICA PUNTILLA S.A.,HIDRAULICA PASADA, ,NO APLICA,21.7491,3,490/2014,SISTEMA ELECTRICO NACIONAL,OPERATIVA,12/31/1925 7:17 p. m.,357594,6279086,19 SUR,WGS 1984,METROPOLITANA DE SANTIAGO,CORDILLERA,PIRQUE,COMISION NACIONAL DE ENERGIA,6/29/2018 8:00 p. m.,6/29/2023 8:00 p. m.,POINT (-70.53516042999996 -33.618502318129615),-33.618502318129615,-70.53516042999996
141,1542,240,PURISIMA,ENERBOSCH S.A.,HIDRAULICA PASADA,PMGD,NO APLICA,0.4198,1, ,SISTEMA ELECTRICO NACIONAL,OPERATIVA,1/30/2012 9:00 p. m.,301362,6102367,19 SUR,WGS 1984,MAULE,CURICO,MOLINA,COMISION NACIONAL DE ENERGIA,6/29/2018 8:00 p. m.,6/29/2023 8:00 p. m.,POINT (-71.18201506599996 -35.20206762311084),-35.20206762311084,-71.18201506599996
142,1543,241,QUELTEHUES,AES ANDES,HIDRAULICA PASADA, ,NO APLICA,48.9412,3, ,SISTEMA ELECTRICO NACIONAL,OPERATIVA,12/31/1927 8:00 p. m.,387157,6257927,19 SUR,WGS 1984,METROPOLITANA DE SANTIAGO,CORDILLERA,SAN JOSE DE MAIPO,COMISION NACIONAL DE ENERGIA,6/29/2018 8:00 p. m.,6/29/2023 8:00 p. m.,POINT (-70.21923168499995 -33.81284404212719),-33.81284404212719,-70.21923168499995
143,1544,243,QUILLAILEO,ATRIA ENERGIA SPA,HIDRAULICA PASADA,PMGD,NO APLICA,0.8161,1, ,SISTEMA ELECTRICO NACIONAL,OPERATIVA,5/8/2014 8:00 p. m.,252392,5824534,19 SUR,WGS 1984,BIOBIO,BIO-BIO,SANTA BARBARA,COMISION NACIONAL DE ENERGIA,6/29/2018 8:00 p. m.,6/29/2023 8:00 p. m.,POINT (-71.80826847799995 -37.69300438508687),-37.69300438508687,-71.80826847799995
144,1545,244,QUILLECO,COLBUN S.A.,HIDRAULICA PASADA, ,NO APLICA,70.6513,2,338/2000,SISTEMA ELECTRICO NACIONAL,OPERATIVA,4/29/2007 8:00 p. m.,238059,5863771,19 SUR,WGS 1984,BIOBIO,BIO-BIO,QUILLECO,COMISION NACIONAL DE ENERGIA,6/29/2018 8:00 p. m.,6/29/2023 8:00 p. m.,POINT (-71.95665442299997 -37.33582852208989),-37.33582852208989,-71.95665442299997
145,1546,249,RALCO,ENEL GENERACION,HIDRAULICA EMBALSE, ,NO APLICA,685.06,2,010/1997; 275/2004,SISTEMA ELECTRICO NACIONAL,OPERATIVA,9/5/2004 8:00 p. m.,278905,5791420,19 SUR,WGS 1984,BIOBIO,BIO-BIO,ALTO BIOBIO,COMISION NACIONAL DE ENERGIA,6/29/2018 8:00 p. m.,6/29/2023 8:00 p. m.,POINT (-71.51797489599994 -37.99795412408441),-37.99795412408441,-71.51797489599994
146,1547,250,RAPEL,ENEL GENERACION,HIDRAULICA EMBALSE, ,NO APLICA,376.6392,5, ,SISTEMA ELECTRICO NACIONAL,OPERATIVA,12/31/1967 8:00 p. m.,261016,6230244,19 SUR,WGS 1984,LIBERTADOR GENERAL BERNARDO O'HIGGINS,CARDENAL CARO,LITUECHE,COMISION NACIONAL DE ENERGIA,6/29/2018 8:00 p. m.,6/29/2023 8:00 p. m.,POINT (-71.58878947999995 -34.04127483012436),-34.04127483012436,-71.58878947999995
147,1548,251,RECA,ENERBOSCH S.A.,HIDRAULICA PASADA,PMGD,NO APLICA,1.6958,1, ,SISTEMA ELECTRICO NACIONAL,OPERATIVA,8/19/2011 8:00 p. m.,236414,5594520,19 SUR,WGS 1984,LOS RIOS,VALDIVIA,PANGUIPULLI,COMISION NACIONAL DE ENERGIA,6/29/2018 8:00 p. m.,6/29/2023 8:00 p. m.,POINT (-72.07685854999994 -39.75847800807215),-39.75847800807215,-72.07685854999994
148,1549,252,RENAICO,ESPINOS S.A.,HIDRAULICA PASADA,PMG,NO APLICA,6.3,1, ,SISTEMA ELECTRICO NACIONAL,OPERATIVA,9/2/2013 8:00 p. m.,199312,5809341,19 SUR,WGS 1984,BIOBIO,BIO-BIO,MULCHEN,COMISION NACIONAL DE ENERGIA,6/29/2018 8:00 p. m.,6/29/2023 8:00 p. m.,POINT (-72.41567223899995 -37.81383799408587),-37.81383799408587,-72.41567223899995
149,1550,253,RIO AZUL,EDELAYSEN,HIDRAULICA PASADA, ,NO APLICA,1.4,4, ,SISTEMA ELECTRICO DE AYSEN,OPERATIVA,12/31/1986 9:00 p. m.,247444,5179962,19 SUR,WGS 1984,LOS LAGOS,PALENA,PALENA,COMISION NACIONAL DE ENERGIA,6/29/2018 8:00 p. m.,6/29/2023 8:00 p. m.,POINT (-72.12341118799998 -43.49060357605793),-43.49060357605793,-72.12341118799998
150,1551,261,RIO COLORADO,HIDROELECTRICA RIO COLORADO S.A.,HIDRAULICA PASADA, ,NO APLICA,16.466,2,170/2014,SISTEMA ELECTRICO NACIONAL,OPERATIVA,12/20/2017 9:00 p. m.,324873,6033155,19 SUR,WGS 1984,MAULE,TALCA,SAN CLEMENTE,COMISION NACIONAL DE ENERGIA,12/22/2013 9:00 p. m.,6/29/2023 8:00 p. m.,POINT (-70.93883355699995 -35.83015188710415),-35.83015188710415,-70.93883355699995
151,1552,263,RIO HUASCO,HIDROELECTRICA RIO HUASCO S.A.,HIDRAULICA PASADA,PMG,NO APLICA,5.1,2,147/2010,SISTEMA ELECTRICO NACIONAL,OPERATIVA,10/8/2013 9:00 p. m.,339260,6826780,19 SUR,WGS 1984,ATACAMA,HUASCO,VALLENAR,COMISION NACIONAL DE ENERGIA,6/29/2018 8:00 p. m.,6/29/2023 8:00 p. m.,POINT (-70.64508527699996 -28.676202438205035),-28.676202438205035,-70.64508527699996
152,1553,269,RIO PICOIQUEN,HIDROANGOL S.A.,HIDRAULICA PASADA, ,NO APLICA,19.306,2,015/2011,SISTEMA ELECTRICO NACIONAL,OPERATIVA,8/12/2015 9:00 p. m.,169591,5807950,19 SUR,WGS 1984,LA ARAUCANIA,MALLECO,ANGOL,COMISION NACIONAL DE ENERGIA,6/29/2018 8:00 p. m.,6/29/2023 8:00 p. m.,POINT (-72.75328716699994 -37.81608225308586),-37.81608225308586,-72.75328716699994
153,1554,270,RIO TRUENO,HIDROELECTRICA TRUENO S.A.,HIDRAULICA PASADA,PMGD,NO APLICA,5.59,2,174/2005,SISTEMA ELECTRICO NACIONAL,OPERATIVA,6/5/2010 8:00 p. m.,234631,5723093,19 SUR,WGS 1984,LA ARAUCANIA,CAUTIN,VILCUN,COMISION NACIONAL DE ENERGIA,6/29/2018 8:00 p. m.,6/29/2023 8:00 p. m.,POINT (-72.04723628299996 -38.60101247807981),-38.60101247807981,-72.04723628299996
154,1555,271,ROBLERIA,GENERADORA ELECTRICA ROBLERIA LTDA.,HIDRAULICA PASADA,PMGD,NO APLICA,3.9908,1,187/2010,SISTEMA ELECTRICO NACIONAL,OPERATIVA,4/23/2013 9:00 p. m.,294051,6030252,19 SUR,WGS 1984,MAULE,LINARES,LINARES,COMISION NACIONAL DE ENERGIA,6/29/2018 8:00 p. m.,6/29/2023 8:00 p. m.,POINT (-71.28058894999998 -35.85031793110394),-35.85031793110394,-71.28058894999998
155,1556,273,RUCATAYO,EMPRESA ELECTRICA RUCATAYO S.A.,HIDRAULICA PASADA, ,NO APLICA,59.3,1,125/2006,SISTEMA ELECTRICO NACIONAL,OPERATIVA,12/12/2012 9:00 p. m.,186655,5496920,19 SUR,WGS 1984,LOS LAGOS,OSORNO,PUYEHUE,COMISION NACIONAL DE ENERGIA,6/29/2018 8:00 p. m.,6/29/2023 8:00 p. m.,POINT (-72.70415551199994 -40.61915328206752),-40.61915328206752,-72.70415551199994
156,1557,274,RUCUE,COLBUN S.A.,HIDRAULICA PASADA, ,NO APLICA,178.1324,2,254/1996,SISTEMA ELECTRICO NACIONAL,OPERATIVA,12/31/1997 9:00 p. m.,246203,5861283,19 SUR,WGS 1984,BIOBIO,BIO-BIO,QUILLECO,COMISION NACIONAL DE ENERGIA,6/29/2018 8:00 p. m.,6/29/2023 8:00 p. m.,POINT (-71.86568774799997 -37.36048787608967),-37.36048787608967,-71.86568774799997
157,1558,275,SAN ANDRES,HIDROELECTRICA SAN ANDRES LTDA.,HIDRAULICA PASADA, ,NO APLICA,40.0582,2,037/2009; 227/2010,SISTEMA ELECTRICO NACIONAL,OPERATIVA,6/22/2014 8:00 p. m.,373430,6155520,19 SUR,WGS 1984,LIBERTADOR GENERAL BERNARDO O'HIGGINS,COLCHAGUA,SAN FERNANDO,COMISION NACIONAL DE ENERGIA,6/29/2018 8:00 p. m.,6/29/2023 8:00 p. m.,POINT (-70.38254629399995 -34.73458158011613),-34.73458158011613,-70.38254629399995
158,1559,276,SAN CLEMENTE,COLBUN S.A.,HIDRAULICA PASADA,PMG,NO APLICA,5.8853,1,270/2007,SISTEMA ELECTRICO NACIONAL,OPERATIVA,9/15/2010 8:00 p. m.,286595,6058060,19 SUR,WGS 1984,MAULE,TALCA,SAN CLEMENTE,COMISION NACIONAL DE ENERGIA,6/29/2018 8:00 p. m.,6/29/2023 8:00 p. m.,POINT (-71.35570091799997 -35.598209151106595),-35.598209151106595,-71.35570091799997
159,1560,277,SAN IGNACIO,COLBUN S.A.,HIDRAULICA PASADA, ,NO APLICA,36.9149,1, ,SISTEMA ELECTRICO NACIONAL,OPERATIVA,12/31/1995 9:00 p. m.,269811,6055815,19 SUR,WGS 1984,MAULE,LINARES,YERBAS BUENAS,COMISION NACIONAL DE ENERGIA,6/29/2018 8:00 p. m.,6/29/2023 8:00 p. m.,POINT (-71.54145621399994 -35.6146684761064),-35.6146684761064,-71.54145621399994
160,1561,280,SANTA ELENA,CENTRAL HIDROELECTRICA SANTA ELENA S.A.,HIDRAULICA PASADA,PMGD,NO APLICA,2.75,1,NO APLICA,SISTEMA ELECTRICO NACIONAL,OPERATIVA,5/29/2018 8:00 p. m.,235911,5668168,19 SUR,WGS 1984,LA ARAUCANIA,CAUTIN,CUNCO,COMISION NACIONAL DE ENERGIA,12/3/2015 9:00 p. m.,6/29/2023 8:00 p. m.,POINT (-72.05363438599994 -39.09565614307637),-39.09565614307637,-72.05363438599994
161,1562,281,SANTA ISABEL,SOCER S.A.,HIDRAULICA PASADA,PMGD,NO APLICA,1.45,1,157/2014,SISTEMA ELECTRICO NACIONAL,OPERATIVA,7/11/2017 8:00 p. m.,208297,5851130,19 SUR,WGS 1984,BIOBIO,BIO-BIO,QUILLECO,COMISION NACIONAL DE ENERGIA,6/29/2018 8:00 p. m.,6/29/2023 8:00 p. m.,POINT (-72.29709414399997 -37.44071659708894),-37.44071659708894,-72.29709414399997
162,1563,282,SAUCE ANDES,GENERADORA ELECTRICA SAUCE LOS ANDES S.A.,HIDRAULICA PASADA,PMGD,NO APLICA,1.379,4, ,SISTEMA ELECTRICO NACIONAL,OPERATIVA,12/31/1908 7:17 p. m.,355763,6365935,19 SUR,WGS 1984,VALPARAISO,LOS ANDES,SAN ESTEBAN,COMISION NACIONAL DE ENERGIA,6/29/2018 8:00 p. m.,6/29/2023 8:00 p. m.,POINT (-70.54109497999997 -32.83516036713989),-32.83516036713989,-70.54109497999997
163,1564,283,SAUZAL,ENEL GENERACION,HIDRAULICA PASADA, ,NO APLICA,80.0112,3, ,SISTEMA ELECTRICO NACIONAL,OPERATIVA,12/31/1947 8:00 p. m.,349821,6208615,19 SUR,WGS 1984,LIBERTADOR GENERAL BERNARDO O'HIGGINS,CACHAPOAL,MACHALI,COMISION NACIONAL DE ENERGIA,6/29/2018 8:00 p. m.,6/29/2023 8:00 p. m.,POINT (-70.63099747499996 -34.25275668412178),-34.25275668412178,-70.63099747499996
164,1565,284,SAUZALITO,ENEL GENERACION,HIDRAULICA PASADA, ,NO APLICA,11.2221,1, ,SISTEMA ELECTRICO NACIONAL,OPERATIVA,12/31/1958 8:00 p. m.,347558,6210473,19 SUR,WGS 1984,LIBERTADOR GENERAL BERNARDO O'HIGGINS,CACHAPOAL,MACHALI,COMISION NACIONAL DE ENERGIA,6/29/2018 8:00 p. m.,6/29/2023 8:00 p. m.,POINT (-70.65523749599998 -34.23567780212196),-34.23567780212196,-70.65523749599998
165,1566,287,TRAILELFU,ENERBOSCH,HIDRAULICA PASADA,PMGD,NO APLICA,2.45,1, ,SISTEMA ELECTRICO NACIONAL,OPERATIVA,10/15/2015 9:00 p. m.,237019,5654844,19 SUR,WGS 1984,LA ARAUCANIA,CAUTIN,VILLARRICA,COMISION NACIONAL DE ENERGIA,6/29/2018 8:00 p. m.,6/29/2023 8:00 p. m.,POINT (-72.04600942999997 -39.215885205075544),-39.215885205075544,-72.04600942999997
166,1567,288,TRANQUIL,RP EL ARROYO ENERGIAS RENOVABLES S.A.,HIDRAULICA PASADA,PMGD,NO APLICA,2.9673,1,NO APLICA,SISTEMA ELECTRICO NACIONAL,OPERATIVA,11/22/2016 9:00 p. m.,246016,5596537,19 SUR,WGS 1984,LOS RIOS,VALDIVIA,PANGUIPULLI,COMISION NACIONAL DE ENERGIA,6/29/2018 8:00 p. m.,6/29/2023 8:00 p. m.,POINT (-71.96413890699995 -39.7432448990723),-39.7432448990723,-71.96413890699995
167,1568,292,TRUFULTRUFUL,ENERBOSCH,HIDRAULICA PASADA,PMGD,NO APLICA,0.819,1, ,SISTEMA ELECTRICO NACIONAL,OPERATIVA,9/15/2009 8:00 p. m.,268863,5697104,19 SUR,WGS 1984,LA ARAUCANIA,CAUTIN,MELIPEUCO,COMISION NACIONAL DE ENERGIA,6/29/2018 8:00 p. m.,6/29/2023 8:00 p. m.,POINT (-71.66324756099993 -38.84454077307808),-38.84454077307808,-71.66324756099993
168,1569,297,VOLCAN,AES ANDES,HIDRAULICA PASADA, ,NO APLICA,12.997,1, ,SISTEMA ELECTRICO NACIONAL,OPERATIVA,12/31/1943 8:00 p. m.,387578,6257062,19 SUR,WGS 1984,METROPOLITANA DE SANTIAGO,CORDILLERA,SAN JOSE DE MAIPO,COMISION NACIONAL DE ENERGIA,6/29/2018 8:00 p. m.,6/29/2023 8:00 p. m.,POINT (-70.21479409099999 -33.8206887581271),-33.8206887581271,-70.21479409099999
169,1570,300,COSAPILLA,ENGIE,HIDRAULICA PASADA,PMGD,NO APLICA,0.5,1, ,SISTEMA ELECTRICO NACIONAL,OPERATIVA,3/25/2020 9:00 p. m.,440992,7968176,19 SUR,WGS 1984,ARICA Y PARINACOTA,PARINACOTA,PUTRE,COMISION NACIONAL DE ENERGIA,6/29/2020 8:00 p. m.,6/29/2023 8:00 p. m.,POINT (-69.55858882899997 -18.375528093434816),-18.375528093434816,-69.55858882899997
170,1571,301,COCHAMO,SAGESA S.A.,HIDRAULICA PASADA, ,NO APLICA,0.68,1, ,SISTEMA MEDIANO DE LOS LAGOS,OPERATIVA,12/31/2019 9:00 p. m.,224837,5401409,19 SUR,WGS 1984,LOS LAGOS,LLANQUIHUE,COCHAMO,COMISION NACIONAL DE ENERGIA,6/29/2020 8:00 p. m.,6/29/2023 8:00 p. m.,POINT (-72.29618984499996 -41.491712421063625),-41.491712421063625,-72.29618984499996
171,1572,303,LOS PORTONES (AMPLIACION 2),LOS PORTONES S.A.,HIDRAULICA PASADA,PMGD,NO APLICA,0.2,1,018/2019,SISTEMA ELECTRICO NACIONAL,OPERATIVA,11/22/2022 9:00 p. m.,225165,5530329,19 SUR,WGS 1984,LOS RIOS,RANCO,LAGO RANCO,COMISION NACIONAL DE ENERGIA,6/29/2020 8:00 p. m.,6/29/2023 8:00 p. m.,POINT (-72.23518636899996 -40.33235252206894),-40.33235252206894,-72.23518636899996
172,1573,303,PANGAL,PACIFIC HYDRO,HIDRAULICA PASADA, ,NO APLICA,36.9075,5, ,SISTEMA ELECTRICO NACIONAL,OPERATIVA,12/31/1918 8:00 p. m.,367137,6210373,19 SUR,WGS 1984,LIBERTADOR GENERAL BERNARDO O'HIGGINS,CACHAPOAL,MACHALI,COMISION NACIONAL DE ENERGIA,12/30/2020 9:00 p. m.,6/29/2023 8:00 p. m.,POINT (-70.442724899 -34.239264784121914),-34.239264784121914,-70.442724899
173,1574,304,EL ATAJO,CENTRAL EL ATAJO SPA,HIDRAULICA PASADA,PMGD,NO APLICA,1.2,1, ,SISTEMA ELECTRICO NACIONAL,OPERATIVA,11/12/2020 9:00 p. m.,215764,5828666,19 SUR,WGS 1984,BIOBIO,BIO-BIO,MULCHEN,COMISION NACIONAL DE ENERGIA,12/30/2020 9:00 p. m.,6/29/2023 8:00 p. m.,POINT (-72.22151480899998 -37.64520148208724),-37.64520148208724,-72.22151480899998
174,1575,306,MC3,HIDROBONITO S.A.,HIDRAULICA PASADA,PMG,NO APLICA,2.755,1, ,SISTEMA ELECTRICO NACIONAL,OPERATIVA,1/3/2023 9:00 p. m.,217607,5461616,19 SUR,WGS 1984,LOS LAGOS,OSORNO,PUERTO OCTAY,COMISION NACIONAL DE ENERGIA,12/30/2020 9:00 p. m.,6/29/2023 8:00 p. m.,POINT (-72.35484369299998 -40.947799939065966),-40.947799939065966,-72.35484369299998
175,1576,307,CORRALES,HIDROELECTRICA LOS CORRALES SPA,HIDRAULICA PASADA,PMG,NO APLICA,2.968,1, ,SISTEMA ELECTRICO NACIONAL,OPERATIVA,1/5/2022 9:00 p. m.,371421,6154699,19 SUR,WGS 1984,LIBERTADOR GENERAL BERNARDO O'HIGGINS,COLCHAGUA,SAN FERNANDO,COMISION NACIONAL DE ENERGIA,12/30/2020 9:00 p. m.,6/29/2023 8:00 p. m.,POINT (-70.40461042999993 -34.74173195411608),-34.74173195411608,-70.40461042999993
176,1577,308,SAN VICTOR,"EMPRESA
ELECTRICA SAN VICTOR SPA",HIDRAULICA PASADA, ,NO APLICA,3.0,1, ,SISTEMA ELECTRICO DE AYSEN,OPERATIVA,12/31/2021 9:00 p. m.,230959,4974517,19 SUR,WGS 1984,AYSEN DEL GENERAL CARLOS IBANEZ DEL CAMPO,AISEN,AISEN,COMISION NACIONAL DE ENERGIA,12/30/2020 9:00 p. m.,6/29/2023 8:00 p. m.,POINT (-72.43342429899997 -45.33122764605678),-45.33122764605678,-72.43342429899997
177,1578,309,PUNTA DEL VIENTO,HIDROELECTRICA PUNTA DEL VIENTO SPA,HIDRAULICA PASADA, ,NO APLICA,2.9361,0, ,SISTEMA ELECTRICO NACIONAL,OPERATIVA,8/29/2022 8:00 p. m.,368293,6153184,19 SUR,WGS 1984,LIBERTADOR GENERAL BERNARDO O'HIGGINS,COLCHAGUA,SAN FERNANDO,COMISION NACIONAL DE ENERGIA,6/29/2021 8:00 p. m.,6/29/2023 8:00 p. m.,POINT (-70.43900850199998 -34.75499079511589),-34.75499079511589,-70.43900850199998
178,1579,313,TERRA AUSTRAL,COMPANIA HIDROELECTRICA HIDROENER SPA,HIDRAULICA PASADA, ,NO APLICA,0.78,1, ,SISTEMA MEDIANO DE LOS LAGOS,OPERATIVA,12/31/2021 9:00 p. m.,224599,5394786,19 SUR,WGS 1984,LOS LAGOS,LLANQUIHUE,COCHAMO,COMISION NACIONAL DE ENERGIA,6/29/2022 8:00 p. m.,6/29/2023 8:00 p. m.,POINT (-72.30206586899999 -41.55118770606337),-41.55118770606337,-72.30206586899999
179,1580,315,FLORIDA II,SCM,HIDRAULICA PASADA, ,NO APLICA,19.125,2, ,SISTEMA ELECTRICO NACIONAL,OPERATIVA,12/31/1992 9:00 p. m.,356531,6286936,19 SUR,WGS 1984,METROPOLITANA DE SANTIAGO,SANTIAGO,LA FLORIDA,COMISION NACIONAL DE ENERGIA,6/29/2022 8:00 p. m.,6/29/2023 8:00 p. m.,POINT (-70.54535368899997 -33.54758211313053),-33.54758211313053,-70.54535368899997
180,1581,316,FLORIDA III,SCM,HIDRAULICA PASADA,PMG,NO APLICA,2.4945,2, ,SISTEMA ELECTRICO NACIONAL,OPERATIVA,12/31/1998 9:00 p. m.,356755,6286901,19 SUR,WGS 1984,METROPOLITANA DE SANTIAGO,SANTIAGO,LA FLORIDA,COMISION NACIONAL DE ENERGIA,6/29/2022 8:00 p. m.,6/29/2023 8:00 p. m.,POINT (-70.54294728299993 -33.54792777113054),-33.54792777113054,-70.54294728299993
181,1582,317,NUEVO REINO,EDELAYSEN,HIDRAULICA PASADA, ,NO APLICA,0.3,2, ,SISTEMA ELECTRICO DE AYSEN,OPERATIVA,12/31/1986 9:00 p. m.,208629,5041281,19 SUR,WGS 1984,AYSEN DEL GENERAL CARLOS IBANEZ DEL CAMPO,AISEN,CISNES,COMISION NACIONAL DE ENERGIA,12/30/2022 9:00 p. m.,6/29/2023 8:00 p. m.,POINT (-72.67914481899999 -44.7225646110568),-44.7225646110568,-72.67914481899999
