,OBJECTID,ID_GE_TERM,NOMBRE,PROPIEDAD,TIPO,MEDIO_GENE,COMBUSTIBL,POTENCIAMW,UNIDADES,RCA,SIST_ELECT,ESTADO,F_OPERACIO,COORD_ESTE,COORD_NORT,HUSO,DATUM,REGION,PROVINCIA,COMUNA,FUENTE_BAS,FECH_CREA,FECH_ACT,geometry,Latitud,Longitud
0,1942,1,ACONCAGUA,ENAP REFINARIA ACONCAGUA,TERMOELECTRICA, ,GAS NATURAL,26.29,1, ,SISTEMA ELECTRICO NACIONAL,OPERATIVA,10/1/2020 9:00 p. m.,267004,6353946,19 SUR,WGS 1984,VALPARAISO,VALPARAISO,CONCON,COMISION NACIONAL DE ENERGIA,12/30/2018 9:00 p. m.,6/29/2023 8:00 p. m.,POINT (-71.49183340399998 -32.92794379913868),-32.92794379913868,-71.49183340399998
1,1943,2,AGUAS BLANCAS,ON-GROUP,TERMOELECTRICA,PMG,PETROLEO DIESEL,1.827,1, ,SISTEMA ELECTRICO NACIONAL,OPERATIVA,6/3/2013 8:00 p. m.,412154,7330497,19 SUR,WGS 1984,ANTOFAGASTA,ANTOFAGASTA,ANTOFAGASTA,COMISION NACIONAL DE ENERGIA,12/9/2014 9:00 p. m.,6/29/2023 8:00 p. m.,POINT (-69.86456766099997 -24.135532259295207),-24.135532259295207,-69.86456766099997
2,1944,3,ALMENDRADO,CENTRAL ELECTRICA ALMENDRADO SPA,TERMOELECTRICA,PMGD,PETROLEO DIESEL,2.955,2,NO APLICA,SISTEMA ELECTRICO NACIONAL,OPERATIVA,6/10/2019 8:00 p. m.,105869,5269351,19 SUR,WGS 1984,LOS LAGOS,CHILOE,CHONCHI,COMISION NACIONAL DE ENERGIA,8/13/2018 9:00 p. m.,6/29/2023 8:00 p. m.,POINT (-73.80605584099999 -42.62740890805981),-42.62740890805981,-73.80605584099999
3,1945,4,AMENGUAL,EDELAYSEN,TERMOELECTRICA, ,S/I,0.09,1, ,AMENGUAL,OPERATIVA,,245758,5040197,19 SUR,WGS 1984,AYSEN DEL GENERAL CARLOS IBANEZ DEL CAMPO,COIHAYQUE,LAGO VERDE,SEREMIA AYSEN,9/29/2018 9:00 p. m.,6/29/2023 8:00 p. m.,POINT (-72.21164473599998 -44.74644357005671),-44.74644357005671,-72.21164473599998
4,1946,7,ANDES GENERACION,ANDES GENERACION,TERMOELECTRICA, ,PETROLEO DIESEL,34.182,4,097/2013,SISTEMA ELECTRICO NACIONAL,OPERATIVA,5/16/2016 8:00 p. m.,395874,7078896,19 SUR,WGS 1984,ATACAMA,CHANARAL,DIEGO DE ALMAGRO,COMISION NACIONAL DE ENERGIA,12/9/2014 9:00 p. m.,6/29/2023 8:00 p. m.,POINT (-70.04403457299998 -26.406316197247772),-26.406316197247772,-70.04403457299998
5,1947,9,ANTILHUE,ANTILHUE,TERMOELECTRICA, ,PETROLEO DIESEL,94.403,2,091/1999,SISTEMA ELECTRICO NACIONAL,OPERATIVA,1/6/2005 9:00 p. m.,141661,5585958,19 SUR,WGS 1984,LOS RIOS,VALDIVIA,VALDIVIA,COMISION NACIONAL DE ENERGIA,12/9/2014 9:00 p. m.,6/29/2023 8:00 p. m.,POINT (-73.18517656399996 -39.800871174071936),-39.800871174071936,-73.18517656399996
6,1948,10,ATACAMA,ENEL GENERACION,TERMOELECTRICA, ,GAS NATURAL,716.386,6,042/1998,SISTEMA ELECTRICO NACIONAL,OPERATIVA,9/14/1999 8:00 p. m.,354849,7445660,19 SUR,WGS 1984,ANTOFAGASTA,ANTOFAGASTA,MEJILLONES,COMISION NACIONAL DE ENERGIA,12/9/2014 9:00 p. m.,6/29/2023 8:00 p. m.,POINT (-70.417217705 -23.09138252631858),-23.09138252631858,-70.417217705
7,1949,13,AYSEN TERMICO,EDELAYSEN,TERMOELECTRICA, ,PETROLEO DIESEL,1.2,1, ,SISTEMA ELECTRICO DE AYSEN,OPERATIVA,12/31/1996 9:00 p. m.,209554,4968694,19 SUR,WGS 1984,AYSEN DEL GENERAL CARLOS IBANEZ DEL CAMPO,AISEN,AISEN,COMISION NACIONAL DE ENERGIA,12/9/2014 9:00 p. m.,6/29/2023 8:00 p. m.,POINT (-72.70945543099998 -45.37500158405681),-45.37500158405681,-72.70945543099998
8,1950,14,AYSEN TERMICO PROVISORIA,EDELAYSEN,TERMOELECTRICA, ,PETROLEO DIESEL,1.4,1, ,SISTEMA ELECTRICO DE AYSEN,OPERATIVA,12/31/1996 9:00 p. m.,209554,4968694,19 SUR,WGS 1984,AYSEN DEL GENERAL CARLOS IBANEZ DEL CAMPO,AISEN,AISEN,COMISION NACIONAL DE ENERGIA,12/30/1997 9:00 p. m.,6/29/2023 8:00 p. m.,POINT (-72.70945543099998 -45.37500158405681),-45.37500158405681,-72.70945543099998
9,1951,15,BIOCRUZ,BIO CRUZ GENERACION,TERMOELECTRICA,PMGD,GAS NATURAL-PETROLEO,5.2,4, ,SISTEMA ELECTRICO NACIONAL,OPERATIVA,8/28/2012 8:00 p. m.,291771,6362884,19 SUR,WGS 1984,VALPARAISO,QUILLOTA,LA CRUZ,COMISION NACIONAL DE ENERGIA,12/9/2014 9:00 p. m.,6/29/2023 8:00 p. m.,POINT (-71.22512426699996 -32.852379354139714),-32.852379354139714,-71.22512426699996
10,1952,20,CALLE CALLE,SAGESA,TERMOELECTRICA,PMG,PETROLEO DIESEL,11.6,5,136/2008,SISTEMA ELECTRICO NACIONAL,OPERATIVA,4/27/2011 9:00 p. m.,141348,5586044,19 SUR,WGS 1984,LOS RIOS,VALDIVIA,VALDIVIA,COMISION NACIONAL DE ENERGIA,12/9/2014 9:00 p. m.,6/29/2023 8:00 p. m.,POINT (-73.18877604599999 -39.799966574071966),-39.799966574071966,-73.18877604599999
11,1953,21,CAMPICHE,EMPRESA ELECTRICA CAMPICHE S.A.,TERMOELECTRICA, ,CARBON,248.59,1,275/2010,SISTEMA ELECTRICO NACIONAL,OPERATIVA,3/14/2013 9:00 p. m.,267334,6373884,19 SUR,WGS 1984,VALPARAISO,VALPARAISO,PUCHUNCAVI,COMISION NACIONAL DE ENERGIA,12/9/2014 9:00 p. m.,6/29/2023 8:00 p. m.,POINT (-71.48329636999995 -32.74833094414108),-32.74833094414108,-71.48329636999995
12,1954,22,CANDELARIA,COLBUN S.A.,TERMOELECTRICA, ,GAS NATURAL,247.9,2,37/2003-355/2005,SISTEMA ELECTRICO NACIONAL,OPERATIVA,5/15/2005 8:00 p. m.,351020,6232911,19 SUR,WGS 1984,LIBERTADOR GENERAL BERNARDO O'HIGGINS,CACHAPOAL,CODEGUA,COMISION NACIONAL DE ENERGIA,12/9/2014 9:00 p. m.,6/29/2023 8:00 p. m.,POINT (-70.61380946899999 -34.03389806912446),-34.03389806912446,-70.61380946899999
13,1955,23,CANETE,SAGESA,TERMOELECTRICA,PMGD,PETROLEO DIESEL,4.4,6,128/2013,SISTEMA ELECTRICO NACIONAL,OPERATIVA,5/28/2007 8:00 p. m.,113708,5814997,19 SUR,WGS 1984,BIOBIO,ARAUCO,CANETE,COMISION NACIONAL DE ENERGIA,12/9/2014 9:00 p. m.,6/29/2023 8:00 p. m.,POINT (-73.38275922099996 -37.73083897108655),-37.73083897108655,-73.38275922099996
14,1956,25,CARDONES,CENTRAL CARDONES,TERMOELECTRICA, ,PETROLEO DIESEL,154.174,1,179/2007,SISTEMA ELECTRICO NACIONAL,OPERATIVA,7/3/2009 8:00 p. m.,363127,6958721,19 SUR,WGS 1984,ATACAMA,COPIAPO,COPIAPO,COMISION NACIONAL DE ENERGIA,12/9/2014 9:00 p. m.,6/29/2023 8:00 p. m.,POINT (-70.38551317399998 -27.488247704226772),-27.488247704226772,-70.38551317399998
15,1957,26,CASABLANCA I,TECNORED,TERMOELECTRICA,PMGD,PETROLEO DIESEL,1.6,2, ,SISTEMA ELECTRICO NACIONAL,OPERATIVA,4/12/2007 8:00 p. m.,277324,6309988,19 SUR,WGS 1984,VALPARAISO,VALPARAISO,CASABLANCA,COMISION NACIONAL DE ENERGIA,12/9/2014 9:00 p. m.,6/29/2023 8:00 p. m.,POINT (-71.39227411299998 -33.326259739133384),-33.326259739133384,-71.39227411299998
16,1958,27,CBB-CENTRO,INACAL S.A.,TERMOELECTRICA, ,PETROLEO DIESEL,13.532,8, ,SISTEMA ELECTRICO NACIONAL,OPERATIVA,12/13/2010 9:00 p. m.,304098,6139650,19 SUR,WGS 1984,MAULE,CURICO,TENO,COMISION NACIONAL DE ENERGIA,12/9/2014 9:00 p. m.,6/29/2023 8:00 p. m.,POINT (-71.14318623299994 -34.86664688411462),-34.86664688411462,-71.14318623299994
17,1959,28,CENIZAS,ELECTRICA CENIZAS S.A.,TERMOELECTRICA, ,PETROLEO DIESEL,5.08,1,229/2007,SISTEMA ELECTRICO NACIONAL,OPERATIVA,12/31/2008 9:00 p. m.,362504,6959146,19 SUR,WGS 1984,ATACAMA,COPIAPO,COPIAPO,COMISION NACIONAL DE ENERGIA,12/9/2014 9:00 p. m.,6/29/2023 8:00 p. m.,POINT (-70.39176982899994 -27.484349040226856),-27.484349040226856,-70.39176982899994
18,1960,29,AGNI,TACORA ENERGY SPA,TERMOELECTRICA,PMGD,PETROLEO DIESEL,2.97,2,NO APLICA,SISTEMA ELECTRICO NACIONAL,OPERATIVA,12/18/2018 9:00 p. m.,336197,6305149,19 SUR,WGS 1984,METROPOLITANA DE SANTIAGO,SANTIAGO,PUDAHUEL,COMISION NACIONAL DE ENERGIA,8/13/2018 9:00 p. m.,6/29/2023 8:00 p. m.,POINT (-70.76096905299994 -33.38045736013267),-33.38045736013267,-70.76096905299994
19,1961,30,CORTES,MOCHO ENERGY SPA,TERMOELECTRICA,PMGD,PETROLEO DIESEL,2.97,2,NO APLICA,SISTEMA ELECTRICO NACIONAL,OPERATIVA,9/6/2018 9:00 p. m.,332837,6375644,19 SUR,WGS 1984,VALPARAISO,SAN FELIPE,SAN FELIPE,COMISION NACIONAL DE ENERGIA,8/13/2018 9:00 p. m.,6/29/2023 8:00 p. m.,POINT (-70.78420204099996 -32.74436604214114),-32.74436604214114,-70.78420204099996
20,1962,31,ANDINA,ANDINA,TERMOELECTRICA, ,CARBON,161.15,1, ,SISTEMA ELECTRICO NACIONAL,OPERATIVA,7/14/2011 8:00 p. m.,355896,7446085,19 SUR,WGS 1984,ANTOFAGASTA,ANTOFAGASTA,MEJILLONES,COMISION NACIONAL DE ENERGIA,12/9/2014 9:00 p. m.,6/29/2023 8:00 p. m.,POINT (-70.40695749099996 -23.08763592931868),-23.08763592931868,-70.40695749099996
21,1963,32,CHACABUCO,EDELAYSEN,TERMOELECTRICA, ,PETROLEO DIESEL,7.28,4,239/2009,SISTEMA ELECTRICO DE AYSEN,OPERATIVA,12/31/2007 9:00 p. m.,206808,4962019,19 SUR,WGS 1984,AYSEN DEL GENERAL CARLOS IBANEZ DEL CAMPO,AISEN,AISEN,COMISION NACIONAL DE ENERGIA,12/9/2014 9:00 p. m.,6/29/2023 8:00 p. m.,POINT (-72.74841975199996 -45.43381306505686),-45.43381306505686,-72.74841975199996
22,1964,33,CHILE CHICO,EDELAYSEN,TERMOELECTRICA, ,PETROLEO DIESEL,2.304,6, ,SISTEMA ELECTRICO DE AYSEN,OPERATIVA,12/31/1964 8:00 p. m.,291094,4842287,19 SUR,WGS 1984,AYSEN DEL GENERAL CARLOS IBANEZ DEL CAMPO,GENERAL CARRERA,CHILE CHICO,COMISION NACIONAL DE ENERGIA,12/9/2014 9:00 p. m.,6/29/2023 8:00 p. m.,POINT (-71.72462363499994 -46.540523660058184),-46.540523660058184,-71.72462363499994
23,1965,40,CHILE,PMGD CHILE GENERACION LTDA.,TERMOELECTRICA,PMGD,PETROLEO DIESEL,1.1004,2, ,SISTEMA ELECTRICO NACIONAL,OPERATIVA,9/12/2017 9:00 p. m.,291157,6117859,19 SUR,WGS 1984,MAULE,CURICO,SAGRADA FAMILIA,COMISION NACIONAL DE ENERGIA,12/30/2017 9:00 p. m.,6/29/2023 8:00 p. m.,POINT (-71.29012442599998 -35.060413073112414),-35.060413073112414,-71.29012442599998
24,1966,41,CHILOE,ELEKTRAGEN,TERMOELECTRICA,PMG,PETROLEO DIESEL,9.056,9,05/2007-396/2007,SISTEMA ELECTRICO NACIONAL,OPERATIVA,7/7/2008 8:00 p. m.,124327,5218688,19 SUR,WGS 1984,LOS LAGOS,CHILOE,QUELLON,COMISION NACIONAL DE ENERGIA,12/9/2014 9:00 p. m.,6/29/2023 8:00 p. m.,POINT (-73.61552179299997 -43.09138615205873),-43.09138615205873,-73.61552179299997
25,1967,42,CHORRILLOS,GEN POWER,TERMOELECTRICA,PMGD,PETROLEO DIESEL,2.99,8,NO APLICA,SISTEMA ELECTRICO NACIONAL,OPERATIVA,9/11/2019 9:00 p. m.,330281,6307965,19 SUR,WGS 1984,METROPOLITANA DE SANTIAGO,SANTIAGO,RENCA,COMISION NACIONAL DE ENERGIA,8/13/2018 9:00 p. m.,6/29/2023 8:00 p. m.,POINT (-70.82401159799997 -33.35415191613304),-33.35415191613304,-70.82401159799997
26,1968,43,CHUFKEN,SAGESA,TERMOELECTRICA,PMGD,PETROLEO DIESEL,2.4,2,027/2007,SISTEMA ELECTRICO NACIONAL,OPERATIVA,5/28/2007 8:00 p. m.,183567,5758881,19 SUR,WGS 1984,LA ARAUCANIA,MALLECO,TRAIGUEN,COMISION NACIONAL DE ENERGIA,12/9/2014 9:00 p. m.,6/29/2023 8:00 p. m.,POINT (-72.61649199399994 -38.262404959082346),-38.262404959082346,-72.61649199399994
27,1969,44,CHUYACA,SAGESA,TERMOELECTRICA, ,PETROLEO DIESEL,13.29,8,638/2008,SISTEMA ELECTRICO NACIONAL,OPERATIVA,8/29/2010 8:00 p. m.,153932,5499976,19 SUR,WGS 1984,LOS LAGOS,OSORNO,OSORNO,COMISION NACIONAL DE ENERGIA,12/9/2014 9:00 p. m.,6/29/2023 8:00 p. m.,POINT (-73.08841651799997 -40.5786500820677),-40.5786500820677,-73.08841651799997
28,1970,45,CISNES,EDELAYSEN,TERMOELECTRICA, ,S/I,0.56,1, ,CISNES,OPERATIVA,,208654,5041253,19 SUR,WGS 1984,AYSEN DEL GENERAL CARLOS IBANEZ DEL CAMPO,AISEN,CISNES,SEREMIA AYSEN,9/29/2018 9:00 p. m.,6/29/2023 8:00 p. m.,POINT (-72.67884575699998 -44.72282631905675),-44.72282631905675,-72.67884575699998
29,1971,46,CMPC CORDILLERA,CMPC PAPELES CORDILLERA,TERMOELECTRICA, ,PETROLEO-GAS NATURAL,51.85,1,206/2013,SISTEMA ELECTRICO NACIONAL,OPERATIVA,4/24/2016 9:00 p. m.,355461,6280222,19 SUR,WGS 1984,METROPOLITANA DE SANTIAGO,CORDILLERA,PUENTE ALTO,COMISION NACIONAL DE ENERGIA,12/9/2014 9:00 p. m.,6/29/2023 8:00 p. m.,POINT (-70.55796283099994 -33.60797248412975),-33.60797248412975,-70.55796283099994
30,1972,47,CMPC TISSUE,CMPC CELULOSA,TERMOELECTRICA,PMG,GAS NATURAL,3.9,1,431/2013,SISTEMA ELECTRICO NACIONAL,OPERATIVA,6/15/2016 8:00 p. m.,320390,6268580,19 SUR,WGS 1984,METROPOLITANA DE SANTIAGO,TALAGANTE,TALAGANTE,COMISION NACIONAL DE ENERGIA,12/9/2014 9:00 p. m.,6/29/2023 8:00 p. m.,POINT (-70.93816958099995 -33.70757939512851),-33.70757939512851,-70.93816958099995
31,1973,48,COCHAMO,SAGESA,TERMOELECTRICA, ,PETROLEO DIESEL,2.8,3,100/2012,SISTEMA ELECTRICO DE AYSEN,OPERATIVA,12/31/1995 9:00 p. m.,224106,5394703,19 SUR,WGS 1984,LOS LAGOS,LLANQUIHUE,COCHAMO,COMISION NACIONAL DE ENERGIA,12/9/2014 9:00 p. m.,6/29/2023 8:00 p. m.,POINT (-72.30800558299995 -41.551764262063344),-41.551764262063344,-72.30800558299995
32,1974,49,COLIHUES,COLIHUES ENERGIA,TERMOELECTRICA, ,PETROLEO DIESEL,21.175,2,128/2008,SISTEMA ELECTRICO NACIONAL,OPERATIVA,6/30/2010 8:00 p. m.,345809,6209686,19 SUR,WGS 1984,LIBERTADOR GENERAL BERNARDO O'HIGGINS,CACHAPOAL,REQUINOA,COMISION NACIONAL DE ENERGIA,12/9/2014 9:00 p. m.,6/29/2023 8:00 p. m.,POINT (-70.67436179299995 -34.24251457412193),-34.24251457412193,-70.67436179299995
33,1975,50,COLMITO,TERMOELECTRICA COLMITO,TERMOELECTRICA, ,PETROLEO DIESEL,57.874,1,734/2008,SISTEMA ELECTRICO NACIONAL,OPERATIVA,8/17/2008 8:00 p. m.,268676,6353716,19 SUR,WGS 1984,VALPARAISO,VALPARAISO,CONCON,COMISION NACIONAL DE ENERGIA,12/9/2014 9:00 p. m.,6/29/2023 8:00 p. m.,POINT (-71.47402399999999 -32.9303717391386),-32.9303717391386,-71.47402399999999
34,1976,51,COMBARBALA,PRIME ENERGIA SPA,TERMOELECTRICA, ,PETROLEO DIESEL,75.97,42,005/2017,SISTEMA ELECTRICO NACIONAL,OPERATIVA,9/14/2021 9:00 p. m.,301022,6552728,19 SUR,WGS 1984,COQUIMBO,LIMARI,COMBARBALA,COMISION NACIONAL DE ENERGIA,8/13/2018 9:00 p. m.,6/29/2023 8:00 p. m.,POINT (-71.08717462499999 -31.142522355164317),-31.142522355164317,-71.08717462499999
35,1977,52,CONCHALI,QUEMCHI GENERADORA DE ELECTRICIDAD S.A.,TERMOELECTRICA,PMGD,PETROLEO DIESEL,3.0,6, ,SISTEMA ELECTRICO NACIONAL,OPERATIVA,3/12/2018 9:00 p. m.,265703,6463590,19 SUR,WGS 1984,COQUIMBO,CHOAPA,LOS VILOS,COMISION NACIONAL DE ENERGIA,12/30/2018 9:00 p. m.,6/29/2023 8:00 p. m.,POINT (-71.47853577399997 -31.93948458115247),-31.93948458115247,-71.47853577399997
36,1978,53,CONCON,TECNORED,TERMOELECTRICA,PMG,PETROLEO DIESEL,2.3,3, ,SISTEMA ELECTRICO NACIONAL,OPERATIVA,4/22/2007 8:00 p. m.,268664,6353411,19 SUR,WGS 1984,VALPARAISO,VALPARAISO,CONCON,COMISION NACIONAL DE ENERGIA,12/9/2014 9:00 p. m.,6/29/2023 8:00 p. m.,POINT (-71.47422880299996 -32.933117871138585),-32.933117871138585,-71.47422880299996
37,1979,54,CONSTITUCION,ELEKTRAGEN,TERMOELECTRICA,PMG,PETROLEO DIESEL,9.012,6,013/2007,SISTEMA ELECTRICO NACIONAL,OPERATIVA,6/5/2007 8:00 p. m.,190426,6081659,19 SUR,WGS 1984,MAULE,TALCA,CONSTITUCION,COMISION NACIONAL DE ENERGIA,12/9/2014 9:00 p. m.,6/29/2023 8:00 p. m.,POINT (-72.40687005599995 -35.360396919109135),-35.360396919109135,-72.40687005599995
38,1980,55,CONTULMO,SAGESA,TERMOELECTRICA,PMGD,PETROLEO DIESEL,0.83,1, ,SISTEMA ELECTRICO NACIONAL,OPERATIVA,5/31/2012 8:00 p. m.,129292,5781971,19 SUR,WGS 1984,BIOBIO,ARAUCO,CONTULMO,COMISION NACIONAL DE ENERGIA,12/9/2014 9:00 p. m.,6/29/2023 8:00 p. m.,POINT (-73.22334566399996 -38.0341350040841),-38.0341350040841,-73.22334566399996
39,1981,57,CORONEL,SAGESA,TERMOELECTRICA, ,GAS NATURAL,45.142,1,052/2004,SISTEMA ELECTRICO NACIONAL,OPERATIVA,4/30/2005 8:00 p. m.,128847,5900598,19 SUR,WGS 1984,BIOBIO,CONCEPCION,CORONEL,COMISION NACIONAL DE ENERGIA,12/9/2014 9:00 p. m.,6/29/2023 8:00 p. m.,POINT (-73.16858395399998 -36.96756570509315),-36.96756570509315,-73.16858395399998
40,1982,58,CURACAUTIN,SAGESA,TERMOELECTRICA,PMGD,PETROLEO DIESEL,3.2,3, ,SISTEMA ELECTRICO NACIONAL,OPERATIVA,5/28/2007 8:00 p. m.,253967,5740175,19 SUR,WGS 1984,LA ARAUCANIA,MALLECO,CURACAUTIN,COMISION NACIONAL DE ENERGIA,12/9/2014 9:00 p. m.,6/29/2023 8:00 p. m.,POINT (-71.81944964899998 -38.452824820080934),-38.452824820080934,-71.81944964899998
41,1983,61,CURAUMA,TECNORED,TERMOELECTRICA,PMGD,PETROLEO DIESEL,2.5,3, ,SISTEMA ELECTRICO NACIONAL,OPERATIVA,4/13/2007 8:00 p. m.,261455,6331486,19 SUR,WGS 1984,VALPARAISO,VALPARAISO,VALPARAISO,COMISION NACIONAL DE ENERGIA,12/9/2014 9:00 p. m.,6/29/2023 8:00 p. m.,POINT (-71.55696972999993 -33.129141652135985),-33.129141652135985,-71.55696972999993
42,1984,63,DEGAN,NUEVA DEGAN,TERMOELECTRICA, ,PETROLEO DIESEL,36.0,22,289/2007,SISTEMA ELECTRICO NACIONAL,OPERATIVA,7/3/2007 8:00 p. m.,110447,5323345,19 SUR,WGS 1984,LOS LAGOS,CHILOE,ANCUD,COMISION NACIONAL DE ENERGIA,12/9/2014 9:00 p. m.,6/29/2023 8:00 p. m.,POINT (-73.71393759099993 -42.145122578061255),-42.145122578061255,-73.71393759099993
43,1985,64,DEGAN II,NUEVA DEGAN,TERMOELECTRICA, ,PETROLEO DIESEL,18.818,10,264/2016,SISTEMA ELECTRICO NACIONAL,OPERATIVA,7/6/2018 8:00 p. m.,110447,5323345,19 SUR,WGS 1984,LOS LAGOS,CHILOE,ANCUD,COMISION NACIONAL DE ENERGIA,9/29/2018 9:00 p. m.,6/29/2023 8:00 p. m.,POINT (-73.71393759099993 -42.145122578061255),-42.145122578061255,-73.71393759099993
44,1986,65,DIEGO DE ALMAGRO,ELECTRICA MOKA SPA,TERMOELECTRICA, ,PETROLEO DIESEL,23.6691,1, ,SISTEMA ELECTRICO NACIONAL,OPERATIVA,12/31/1980 9:00 p. m.,396331,7079727,19 SUR,WGS 1984,ATACAMA,CHANARAL,DIEGO DE ALMAGRO,COMISION NACIONAL DE ENERGIA,12/9/2014 9:00 p. m.,6/29/2023 8:00 p. m.,POINT (-70.03938578899994 -26.3988474072479),-26.3988474072479,-70.03938578899994
45,1987,66,ARICA,ENGIE,TERMOELECTRICA, ,PETROLEO DIESEL,13.20785,3, ,SISTEMA ELECTRICO NACIONAL,OPERATIVA,12/31/1952 8:00 p. m.,362420,7957595,19 SUR,WGS 1984,ARICA Y PARINACOTA,ARICA,ARICA,COMISION NACIONAL DE ENERGIA,12/9/2014 9:00 p. m.,6/29/2023 8:00 p. m.,POINT (-70.30299539199996 -18.46750189743241),-18.46750189743241,-70.30299539199996
46,1988,69,ZOFRI,ENORCHILE,TERMOELECTRICA,PMGD,PETROLEO DIESEL,5.83,6,006/2000,SISTEMA ELECTRICO NACIONAL,OPERATIVA,9/13/2018 9:00 p. m.,381943,7765267,19 SUR,WGS 1984,TARAPACA,IQUIQUE,IQUIQUE,COMISION NACIONAL DE ENERGIA,12/9/2014 9:00 p. m.,6/29/2023 8:00 p. m.,POINT (-70.13002026899994 -20.20648174738766),-20.20648174738766,-70.13002026899994
47,1989,73,EL CANELO,CENTRAL ELECTRICA EL CANELO,TERMOELECTRICA,PMGD,PETROLEO DIESEL,3.0,2, ,SISTEMA ELECTRICO NACIONAL,OPERATIVA,12/20/2015 9:00 p. m.,165534,5416746,19 SUR,WGS 1984,LOS LAGOS,LLANQUIHUE,PUERTO VARAS,COMISION NACIONAL DE ENERGIA,12/9/2014 9:00 p. m.,6/29/2023 8:00 p. m.,POINT (-72.99659781399998 -41.33137142106425),-41.33137142106425,-72.99659781399998
48,1990,74,EL CANELO II,CENTRAL ELECTRICA EL CANELO,TERMOELECTRICA,PMGD,PETROLEO DIESEL,3.0,2, ,SISTEMA ELECTRICO NACIONAL,OPERATIVA,7/10/2017 8:00 p. m.,165534,5416746,19 SUR,WGS 1984,LOS LAGOS,LLANQUIHUE,PUERTO VARAS,COMISION NACIONAL DE ENERGIA,12/30/2017 9:00 p. m.,6/29/2023 8:00 p. m.,POINT (-72.99659781399998 -41.33137142106425),-41.33137142106425,-72.99659781399998
49,1991,75,EL NOGAL,GENERADORA ESTANCILLA SPA,TERMOELECTRICA,PMGD,PETROLEO DIESEL,3.0,6, ,SISTEMA ELECTRICO NACIONAL,OPERATIVA,4/19/2017 9:00 p. m.,341251,6274232,19 SUR,WGS 1984,METROPOLITANA DE SANTIAGO,MAIPO,SAN BERNARDO,COMISION NACIONAL DE ENERGIA,12/9/2014 9:00 p. m.,6/29/2023 8:00 p. m.,POINT (-70.712141682 -33.659951382129094),-33.659951382129094,-70.712141682
50,1992,76,EL PENON,ENLASA,TERMOELECTRICA, ,PETROLEO DIESEL,80.838,50,269/2008,SISTEMA ELECTRICO NACIONAL,OPERATIVA,7/22/2009 8:00 p. m.,285211,6663356,19 SUR,WGS 1984,COQUIMBO,ELQUI,COQUIMBO,COMISION NACIONAL DE ENERGIA,12/9/2014 9:00 p. m.,6/29/2023 8:00 p. m.,POINT (-71.22990574499994 -30.142218628180082),-30.142218628180082,-71.22990574499994
51,1993,78,EL SALVADOR,SWC,TERMOELECTRICA, ,PETROLEO DIESEL,17.702,1, ,SISTEMA ELECTRICO NACIONAL,OPERATIVA,8/5/2010 8:00 p. m.,396501,7079486,19 SUR,WGS 1984,ATACAMA,CHANARAL,DIEGO DE ALMAGRO,COMISION NACIONAL DE ENERGIA,12/9/2014 9:00 p. m.,6/29/2023 8:00 p. m.,POINT (-70.03770104999995 -26.4010354942479),-26.4010354942479,-70.03770104999995
52,1994,79,EL TOTORAL,TECNORED,TERMOELECTRICA,PMG,PETROLEO DIESEL,3.103,3, ,SISTEMA ELECTRICO NACIONAL,OPERATIVA,4/6/2008 8:00 p. m.,254844,6298187,19 SUR,WGS 1984,VALPARAISO,SAN ANTONIO,EL QUISCO,COMISION NACIONAL DE ENERGIA,12/9/2014 9:00 p. m.,6/29/2023 8:00 p. m.,POINT (-71.63678030999995 -33.42770580013205),-33.42770580013205,-71.63678030999995
53,1995,80,EL TRARO,EDELAYSEN,TERMOELECTRICA, ,PETROLEO,0.692,2, ,SISTEMA ELECTRICO DE AYSEN,OPERATIVA,12/31/2006 9:00 p. m.,225866,4763080,19 SUR,WGS 1984,AYSEN DEL GENERAL CARLOS IBANEZ DEL CAMPO,CAPITAN PRAT,COCHRANE,COMISION NACIONAL DE ENERGIA,12/9/2014 9:00 p. m.,6/29/2023 8:00 p. m.,POINT (-72.62146556299996 -47.228493676059706),-47.228493676059706,-72.62146556299996
54,1996,83,EMELDA,EMELDA S.A.,TERMOELECTRICA, ,PETROLEO DIESEL,71.392,2,250/2008,SISTEMA ELECTRICO NACIONAL,OPERATIVA,6/24/2010 8:00 p. m.,398024,7081793,19 SUR,WGS 1984,ATACAMA,CHANARAL,DIEGO DE ALMAGRO,COMISION NACIONAL DE ENERGIA,12/9/2014 9:00 p. m.,6/29/2023 8:00 p. m.,POINT (-70.02224968899998 -26.380317992248273),-26.380317992248273,-70.02224968899998
55,1997,84,ERMITANO,GENERADORA ERMITANO SPA,TERMOELECTRICA,PMGD,PETROLEO DIESEL,2.85,6, ,SISTEMA ELECTRICO NACIONAL,OPERATIVA,6/4/2018 8:00 p. m.,277582,6277688,19 SUR,WGS 1984,VALPARAISO,SAN ANTONIO,SAN ANTONIO,COMISION NACIONAL DE ENERGIA,12/30/2018 9:00 p. m.,6/29/2023 8:00 p. m.,POINT (-71.39751144099995 -33.6173941601296),-33.6173941601296,-71.39751144099995
56,1998,85,ESPERANZA,ENORCHILE S.A.,TERMOELECTRICA, ,PETROLEO DIESEL,19.2546,3,036/2007,SISTEMA ELECTRICO NACIONAL,OPERATIVA,6/28/2007 8:00 p. m.,345773,6209914,19 SUR,WGS 1984,LIBERTADOR GENERAL BERNARDO O'HIGGINS,CACHAPOAL,REQUINOA,COMISION NACIONAL DE ENERGIA,12/9/2014 9:00 p. m.,6/29/2023 8:00 p. m.,POINT (-70.67471185399995 -34.240453884121955),-34.240453884121955,-70.67471185399995
57,1999,86,ESTANCILLA,GENERADORA ESTANCILLA SPA,TERMOELECTRICA,PMGD,PETROLEO DIESEL,3.0,6, ,SISTEMA ELECTRICO NACIONAL,OPERATIVA,1/9/2013 9:00 p. m.,341216,6274252,19 SUR,WGS 1984,METROPOLITANA DE SANTIAGO,MAIPO,SAN BERNARDO,COMISION NACIONAL DE ENERGIA,12/9/2014 9:00 p. m.,6/29/2023 8:00 p. m.,POINT (-70.71251544399996 -33.6597658461291),-33.6597658461291,-70.71251544399996
58,2000,87,ESTANDARTES,ENORCHILE,TERMOELECTRICA,PMGD,PETROLEO DIESEL,6.1875,7,019/2009,SISTEMA ELECTRICO NACIONAL,OPERATIVA,9/13/2018 9:00 p. m.,382020,7765260,19 SUR,WGS 1984,TARAPACA,IQUIQUE,IQUIQUE,COMISION NACIONAL DE ENERGIA,12/9/2014 9:00 p. m.,6/29/2023 8:00 p. m.,POINT (-70.12928380199997 -20.20654972838769),-20.20654972838769,-70.12928380199997
59,2001,88,FUTALEUFU,EDELAYSEN,TERMOELECTRICA, ,PETROLEO DIESEL,1.158,3, ,SISTEMA ELECTRICO DE AYSEN,OPERATIVA,12/31/1975 9:00 p. m.,267061,5214874,19 SUR,WGS 1984,AYSEN DEL GENERAL CARLOS IBANEZ DEL CAMPO,PALENA,FUTALEUFU,COMISION NACIONAL DE ENERGIA,12/9/2014 9:00 p. m.,6/29/2023 8:00 p. m.,POINT (-71.86629804599994 -43.18300025905854),-43.18300025905854,-71.86629804599994
60,2002,96,GUACOLDA,GUACOLDA,TERMOELECTRICA, ,CARBON-PETCOKE,701.723,5,04/1995-49/2004-56/2006-68/2006-175/2006-249/2008-44/2014,SISTEMA ELECTRICO NACIONAL,OPERATIVA,12/31/1994 9:00 p. m.,279061,6849243,19 SUR,WGS 1984,ATACAMA,HUASCO,HUASCO,COMISION NACIONAL DE ENERGIA,12/9/2014 9:00 p. m.,6/29/2023 8:00 p. m.,POINT (-71.25651964199994 -28.464712408208815),-28.464712408208815,-71.25651964199994
61,2003,97,HBS GNL,HBS ENERGIA,TERMOELECTRICA,PMGD,GAS NATURAL,3.3823,3, ,SISTEMA ELECTRICO NACIONAL,OPERATIVA,8/31/2016 9:00 p. m.,202691,5868162,19 SUR,WGS 1984,BIOBIO,BIO-BIO,LOS ANGELES,COMISION NACIONAL DE ENERGIA,12/31/2015 9:00 p. m.,6/29/2023 8:00 p. m.,POINT (-72.35352473699999 -37.28567266809033),-37.28567266809033,-72.35352473699999
62,2004,98,HORCONES,ARAUCO BIOENERGIA,TERMOELECTRICA, ,PETROLEO DIESEL,24.3,1,182/2004-170/2006,SISTEMA ELECTRICO NACIONAL,OPERATIVA,9/21/2004 8:00 p. m.,125762,5873294,19 SUR,WGS 1984,BIOBIO,ARAUCO,ARAUCO,COMISION NACIONAL DE ENERGIA,12/9/2014 9:00 p. m.,6/29/2023 8:00 p. m.,POINT (-73.21674995899997 -37.21180538009095),-37.21180538009095,-73.21674995899997
63,2005,99,HORNOPIREN,SAGESA,TERMOELECTRICA, ,PETROLEO DIESEL,3.75,5,110/2015,SISTEMA ELECTRICO DE AYSEN,OPERATIVA,12/31/1994 9:00 p. m.,211214,5348761,19 SUR,WGS 1984,LOS LAGOS,PALENA,HUALAIHUE,COMISION NACIONAL DE ENERGIA,12/9/2014 9:00 p. m.,6/29/2023 8:00 p. m.,POINT (-72.48461308799995 -41.96025673506187),-41.96025673506187,-72.48461308799995
64,2006,100,HUASCO,ENEL GENERACION CHILE,TERMOELECTRICA, ,PETROLEO DIESEL,57.681,3, ,SISTEMA ELECTRICO NACIONAL,OPERATIVA,12/31/1976 9:00 p. m.,279354,6848657,19 SUR,WGS 1984,ATACAMA,HUASCO,HUASCO,COMISION NACIONAL DE ENERGIA,12/9/2014 9:00 p. m.,6/29/2023 8:00 p. m.,POINT (-71.25364123999998 -28.470047535208746),-28.470047535208746,-71.25364123999998
65,2007,101,HUICHAS,EDELAYSEN,TERMOELECTRICA, ,S/I,0.48,1, ,HUICHAS,OPERATIVA,,144470,4988894,19 SUR,WGS 1984,AYSEN DEL GENERAL CARLOS IBANEZ DEL CAMPO,AISEN,AISEN,SEREMIA AYSEN,9/29/2018 9:00 p. m.,6/29/2023 8:00 p. m.,POINT (-73.52385504499995 -45.163762434056764),-45.163762434056764,-73.52385504499995
66,2008,102,IEM,ENGIE,TERMOELECTRICA, ,CARBON,347.95,1,094/2010,SISTEMA ELECTRICO NACIONAL,OPERATIVA,5/15/2019 8:00 p. m.,356081,7446223,19 SUR,WGS 1984,ANTOFAGASTA,ANTOFAGASTA,MEJILLONES,COMISION NACIONAL DE ENERGIA,8/13/2018 9:00 p. m.,6/29/2023 8:00 p. m.,POINT (-70.40513870899997 -23.086405785318668),-23.086405785318668,-70.40513870899997
67,2009,104,INACAL,INACAL S.A.,TERMOELECTRICA,PMG,FUEL OIL NRO 6,5.9034,4, ,SISTEMA ELECTRICO NACIONAL,OPERATIVA,9/15/2009 8:00 p. m.,365490,7369300,19 SUR,WGS 1984,ANTOFAGASTA,ANTOFAGASTA,ANTOFAGASTA,COMISION NACIONAL DE ENERGIA,12/9/2014 9:00 p. m.,6/29/2023 8:00 p. m.,POINT (-70.32017618699996 -23.781853428303044),-23.781853428303044,-70.32017618699996
68,2010,106,KELAR,TAMAKAYA ENERGIA,TERMOELECTRICA, ,GAS NATURAL,517.41,1,155/2013,SISTEMA ELECTRICO NACIONAL,OPERATIVA,12/26/2016 9:00 p. m.,362683,7451979,19 SUR,WGS 1984,ANTOFAGASTA,ANTOFAGASTA,MEJILLONES,COMISION NACIONAL DE ENERGIA,12/9/2014 9:00 p. m.,6/29/2023 8:00 p. m.,POINT (-70.34017980499993 -23.034984269319846),-23.034984269319846,-70.34017980499993
69,2011,107,LA JUNTA,EDELAYSEN,TERMOELECTRICA, ,PETROLEO DIESEL,0.508,2, ,SISTEMA ELECTRICO DE AYSEN,OPERATIVA,12/31/2008 9:00 p. m.,228454,5125884,19 SUR,WGS 1984,AYSEN DEL GENERAL CARLOS IBANEZ DEL CAMPO,AISEN,CISNES,COMISION NACIONAL DE ENERGIA,12/9/2014 9:00 p. m.,6/29/2023 8:00 p. m.,POINT (-72.38517633999999 -43.970022235057286),-43.970022235057286,-72.38517633999999
70,2012,108,LA PORTADA,TECNET,TERMOELECTRICA,PMG,PETROLEO DIESEL,2.9524,3, ,SISTEMA ELECTRICO NACIONAL,OPERATIVA,8/8/2014 8:00 p. m.,358545,7396480,19 SUR,WGS 1984,ANTOFAGASTA,ANTOFAGASTA,ANTOFAGASTA,COMISION NACIONAL DE ENERGIA,12/9/2014 9:00 p. m.,6/29/2023 8:00 p. m.,POINT (-70.38573520899996 -23.535819388308557),-23.535819388308557,-70.38573520899996
71,2013,109,LAGO VERDE,EDELAYSEN,TERMOELECTRICA, ,PETROLEO DIESEL,0.35,2, ,SISTEMA ELECTRICO DE AYSEN,OPERATIVA,12/31/2005 9:00 p. m.,272460,5097549,19 SUR,WGS 1984,AYSEN DEL GENERAL CARLOS IBANEZ DEL CAMPO,COIHAYQUE,LAGO VERDE,COMISION NACIONAL DE ENERGIA,12/9/2014 9:00 p. m.,6/29/2023 8:00 p. m.,POINT (-71.84954016499995 -44.23974916005701),-44.23974916005701,-71.84954016499995
72,2014,113,LAS VEGAS,TECNORED,TERMOELECTRICA,PMG,PETROLEO DIESEL,2.209,2,293/2005,SISTEMA ELECTRICO NACIONAL,OPERATIVA,4/19/2007 8:00 p. m.,311789,6364330,19 SUR,WGS 1984,VALPARAISO,SAN FELIPE,LLAILLAY,COMISION NACIONAL DE ENERGIA,12/9/2014 9:00 p. m.,6/29/2023 8:00 p. m.,POINT (-71.01103887399995 -32.842964483139774),-32.842964483139774,-71.01103887399995
73,2015,114,LEBU,SAGESA S.A.,TERMOELECTRICA,PMGD,PETROLEO DIESEL,3.4,4, ,SISTEMA ELECTRICO NACIONAL,OPERATIVA,5/28/2007 8:00 p. m.,87792,5826593,19 SUR,WGS 1984,BIOBIO,ARAUCO,LEBU,COMISION NACIONAL DE ENERGIA,12/9/2014 9:00 p. m.,6/29/2023 8:00 p. m.,POINT (-73.66937868399998 -37.615380728087544),-37.615380728087544,-73.66937868399998
74,2016,116,LINARES NORTE,TECNORED,TERMOELECTRICA,PMG,PETROLEO DIESEL,0.464,1, ,SISTEMA ELECTRICO NACIONAL,OPERATIVA,3/19/2009 8:00 p. m.,261157,6032041,19 SUR,WGS 1984,MAULE,LINARES,LINARES,COMISION NACIONAL DE ENERGIA,12/9/2014 9:00 p. m.,6/29/2023 8:00 p. m.,POINT (-71.64398350299996 -35.82674268510415),-35.82674268510415,-71.64398350299996
75,2017,117,LIPIGAS CONCON,EMPRESAS LIPIGAS,TERMOELECTRICA,PMGD,GAS NATURAL,6.0,3,295/2016,SISTEMA ELECTRICO NACIONAL,OPERATIVA,11/22/2017 9:00 p. m.,267037,6353895,19 SUR,WGS 1984,VALPARAISO,VALPARAISO,CONCON,COMISION NACIONAL DE ENERGIA,12/9/2014 9:00 p. m.,6/29/2023 8:00 p. m.,POINT (-71.49149365699998 -32.92841044113867),-32.92841044113867,-71.49149365699998
76,2018,118,LLANOS BLANCOS,PRIME ENERGIA QUICKSTART SPA,TERMOELECTRICA, ,PETROLEO DIESEL,149.865,83,064/2018,SISTEMA ELECTRICO NACIONAL,OPERATIVA,1/7/2022 9:00 p. m.,286358,6662235,19 SUR,WGS 1984,COQUIMBO,ELQUI,COQUIMBO,COMISION NACIONAL DE ENERGIA,9/29/2018 9:00 p. m.,6/29/2023 8:00 p. m.,POINT (-71.21823152399998 -30.152529084179925),-30.152529084179925,-71.21823152399998
77,2019,119,LONQUIMAY,SAGESA,TERMOELECTRICA,PMGD,PETROLEO DIESEL,1.2,2, ,SISTEMA ELECTRICO NACIONAL,OPERATIVA,7/20/2011 8:00 p. m.,288311,5730053,19 SUR,WGS 1984,LA ARAUCANIA,MALLECO,LONQUIMAY,COMISION NACIONAL DE ENERGIA,12/9/2014 9:00 p. m.,6/29/2023 8:00 p. m.,POINT (-71.42929488099998 -38.552772344080154),-38.552772344080154,-71.42929488099998
78,2020,120,LOS ALAMOS,SAGESA,TERMOELECTRICA,PMGD,PETROLEO DIESEL,0.8,1, ,SISTEMA ELECTRICO NACIONAL,OPERATIVA,7/26/2013 8:00 p. m.,110051,5826521,19 SUR,WGS 1984,BIOBIO,ARAUCO,LOS ALAMOS,COMISION NACIONAL DE ENERGIA,12/9/2014 9:00 p. m.,6/29/2023 8:00 p. m.,POINT (-73.41798000999995 -37.625729797087416),-37.625729797087416,-73.41798000999995
79,2021,121,LOS ESPINOS,ESPINOS S.A.,TERMOELECTRICA, ,PETROLEO DIESEL,121.276,80,83/2004-03/2008-07/2009,SISTEMA ELECTRICO NACIONAL,OPERATIVA,3/24/2009 8:00 p. m.,268231,6469913,19 SUR,WGS 1984,COQUIMBO,CHOAPA,LOS VILOS,COMISION NACIONAL DE ENERGIA,12/9/2014 9:00 p. m.,6/29/2023 8:00 p. m.,POINT (-71.45030224999994 -31.88301020315327),-31.88301020315327,-71.45030224999994
80,2022,122,LOS GUINDOS,LOS GUINDOS GENERACION S.P.A,TERMOELECTRICA, ,PETROLEO DIESEL-GAS NATURAL,270.923,2,191/2008,SISTEMA ELECTRICO NACIONAL,OPERATIVA,7/29/2015 9:00 p. m.,207506,5888731,19 SUR,WGS 1984,BIOBIO,BIO-BIO,CABRERO,COMISION NACIONAL DE ENERGIA,12/9/2014 9:00 p. m.,6/29/2023 8:00 p. m.,POINT (-72.29124267599997 -37.10209400809196),-37.10209400809196,-72.29124267599997
81,2023,123,LOS PINOS,COLBUN S.A.,TERMOELECTRICA, ,PETROLEO DIESEL,106.41,1,120/2004,SISTEMA ELECTRICO NACIONAL,OPERATIVA,4/6/2009 8:00 p. m.,204463,5890476,19 SUR,WGS 1984,BIOBIO,BIO-BIO,CABRERO,COMISION NACIONAL DE ENERGIA,12/9/2014 9:00 p. m.,6/29/2023 8:00 p. m.,POINT (-72.32474438399998 -37.085435716092064),-37.085435716092064,-72.32474438399998
82,2024,125,LOS VIENTOS,GENERADORA METROPOLITANA SPA,TERMOELECTRICA, ,PETROLEO DIESEL,128.283,1,1372/2009-293/2005,SISTEMA ELECTRICO NACIONAL,OPERATIVA,1/2/2007 9:00 p. m.,311621,6364227,19 SUR,WGS 1984,VALPARAISO,SAN FELIPE,LLAILLAY,COMISION NACIONAL DE ENERGIA,12/9/2014 9:00 p. m.,6/29/2023 8:00 p. m.,POINT (-71.01285396699996 -32.84386417613978),-32.84386417613978,-71.01285396699996
83,2025,126,LOUSIANA PACIFIC,SAGESA,TERMOELECTRICA,PMGD,PETROLEO DIESEL,3.0,4, ,SISTEMA ELECTRICO NACIONAL,OPERATIVA,6/14/2009 8:00 p. m.,201509,5615202,19 SUR,WGS 1984,LOS RIOS,VALDIVIA,PANGUIPULLI,COMISION NACIONAL DE ENERGIA,12/9/2014 9:00 p. m.,6/29/2023 8:00 p. m.,POINT (-72.47430426799997 -39.56096245707339),-39.56096245707339,-72.47430426799997
84,2026,127,LOUSIANA PACIFIC II,SAGESA,TERMOELECTRICA,PMGD,PETROLEO DIESEL,3.0,4, ,SISTEMA ELECTRICO NACIONAL,OPERATIVA,2/20/2011 9:00 p. m.,197562,5728362,19 SUR,WGS 1984,LA ARAUCANIA,CAUTIN,LAUTARO,COMISION NACIONAL DE ENERGIA,12/9/2014 9:00 p. m.,6/29/2023 8:00 p. m.,POINT (-72.46993659599997 -38.54176556308024),-38.54176556308024,-72.46993659599997
85,2027,130,MANTOS BLANCOS,MINERA MANTOS BLANCOS,TERMOELECTRICA, ,PETROLEO DIESEL,27.92,10, ,SISTEMA ELECTRICO NACIONAL,OPERATIVA,9/30/1995 8:00 p. m.,391671,7407484,19 SUR,WGS 1984,ANTOFAGASTA,ANTOFAGASTA,ANTOFAGASTA,COMISION NACIONAL DE ENERGIA,12/9/2014 9:00 p. m.,6/29/2023 8:00 p. m.,POINT (-70.06047762799994 -23.438990100310708),-23.438990100310708,-70.06047762799994
86,2028,131,MANIHUALES,EDELAYSEN,TERMOELECTRICA, ,PETROLEO DIESEL,1.625,2, ,SISTEMA ELECTRICO DE AYSEN,OPERATIVA,12/31/2010 9:00 p. m.,252980,4995209,19 SUR,WGS 1984,AYSEN DEL GENERAL CARLOS IBANEZ DEL CAMPO,AISEN,AISEN,COMISION NACIONAL DE ENERGIA,12/9/2014 9:00 p. m.,6/29/2023 8:00 p. m.,POINT (-72.14256360499996 -45.15334788105672),-45.15334788105672,-72.14256360499996
87,2030,133,MAULE,ELEKTRAGEN,TERMOELECTRICA,PMG,PETROLEO DIESEL,5.959,6,013/2007,SISTEMA ELECTRICO NACIONAL,OPERATIVA,6/6/2007 8:00 p. m.,190425,6081687,19 SUR,WGS 1984,MAULE,TALCA,CONSTITUCION,COMISION NACIONAL DE ENERGIA,12/9/2014 9:00 p. m.,6/29/2023 8:00 p. m.,POINT (-72.40687044399994 -35.360144583109125),-35.360144583109125,-72.40687044399994
88,2031,134,MELINKA Y REPOLLAL,MUNICIPALIDAD DE GUAITECAS,TERMOELECTRICA, ,S/I,1.15,1, ,PARTICULAR,OPERATIVA,,118897,5128657,19 SUR,WGS 1984,AYSEN DEL GENERAL CARLOS IBANEZ DEL CAMPO,AISEN,GUAITECAS,SEREMIA AYSEN,9/29/2018 9:00 p. m.,6/29/2023 8:00 p. m.,POINT (-73.74499574799995 -43.89659953605738),-43.89659953605738,-73.74499574799995
89,2032,135,MIMBRE,GENERADORA MIMBRE SPA,TERMOELECTRICA,PMGD,PETROLEO DIESEL,2.985,6, ,SISTEMA ELECTRICO NACIONAL,OPERATIVA,2/14/2019 9:00 p. m.,316174,6161010,19 SUR,WGS 1984,LIBERTADOR GENERAL BERNARDO O'HIGGINS,COLCHAGUA,CHIMBARONGO,COMISION NACIONAL DE ENERGIA,9/23/2018 9:00 p. m.,6/29/2023 8:00 p. m.,POINT (-71.00648144599995 -34.67640230911679),-34.67640230911679,-71.00648144599995
90,2033,136,MONTE PATRIA,ELEKTRAGEN,TERMOELECTRICA,PMGD,PETROLEO DIESEL,9.0,8,023/2007,SISTEMA ELECTRICO NACIONAL,OPERATIVA,7/11/2007 8:00 p. m.,313324,6602353,19 SUR,WGS 1984,COQUIMBO,LIMARI,MONTE PATRIA,COMISION NACIONAL DE ENERGIA,12/9/2014 9:00 p. m.,6/29/2023 8:00 p. m.,POINT (-70.94910047699994 -30.69702677617121),-30.69702677617121,-70.94910047699994
91,2034,139,MULTIEXPORT,SAGESA,TERMOELECTRICA,PMGD,PETROLEO DIESEL,0.8,1, ,SISTEMA ELECTRICO NACIONAL,OPERATIVA,12/31/2008 9:00 p. m.,168139,5401681,19 SUR,WGS 1984,LOS LAGOS,LLANQUIHUE,PUERTO MONTT,COMISION NACIONAL DE ENERGIA,12/9/2014 9:00 p. m.,6/29/2023 8:00 p. m.,POINT (-72.97379288999997 -41.467820726063685),-41.467820726063685,-72.97379288999997
92,2035,140,MULTIEXPORT II,SAGESA,TERMOELECTRICA,PMGD,PETROLEO DIESEL,1.6,2, ,SISTEMA ELECTRICO NACIONAL,OPERATIVA,12/31/2008 9:00 p. m.,167957,5401729,19 SUR,WGS 1984,LOS LAGOS,LLANQUIHUE,PUERTO MONTT,COMISION NACIONAL DE ENERGIA,12/9/2014 9:00 p. m.,6/29/2023 8:00 p. m.,POINT (-72.97594077599996 -41.46731415706371),-41.46731415706371,-72.97594077599996
93,2036,141,NEHUENCO,COLBUN,TERMOELECTRICA, ,GAS NATURAL,326.97,1,03/1997-164/2001-34/2002-104/2004-18/2006,SISTEMA ELECTRICO NACIONAL,OPERATIVA,12/31/1997 9:00 p. m.,282806,6353344,19 SUR,WGS 1984,VALPARAISO,QUILLOTA,QUILLOTA,COMISION NACIONAL DE ENERGIA,12/9/2014 9:00 p. m.,6/29/2023 8:00 p. m.,POINT (-71.32310155399995 -32.936624459138535),-32.936624459138535,-71.32310155399995
94,2037,142,NEHUENCO 9B,COLBUN,TERMOELECTRICA, ,PETROLEO DIESEL,106.92,1,03/1997-164/2001-34/2002-104/2004-18/2006,SISTEMA ELECTRICO NACIONAL,OPERATIVA,5/14/2002 8:00 p. m.,282806,6353344,19 SUR,WGS 1984,VALPARAISO,VALPARAISO,QUILLOTA,COMISION NACIONAL DE ENERGIA,12/9/2014 9:00 p. m.,6/29/2023 8:00 p. m.,POINT (-71.32310155399995 -32.936624459138535),-32.936624459138535,-71.32310155399995
95,2038,143,NEHUENCO II,COLBUN,TERMOELECTRICA, ,GAS NATURAL,405.562,1,03/1997-164/2001-34/2002-104/2004-18/2006,SISTEMA ELECTRICO NACIONAL,OPERATIVA,4/29/2004 8:00 p. m.,282806,6353344,19 SUR,WGS 1984,VALPARAISO,VALPARAISO,QUILLOTA,COMISION NACIONAL DE ENERGIA,12/9/2014 9:00 p. m.,6/29/2023 8:00 p. m.,POINT (-71.32310155399995 -32.936624459138535),-32.936624459138535,-71.32310155399995
96,2039,146,NEWEN,GAS SUR  S.A.,TERMOELECTRICA, ,PROPANO,14.461,1,250/2007,SISTEMA ELECTRICO NACIONAL,OPERATIVA,5/29/2009 8:00 p. m.,132902,5922137,19 SUR,WGS 1984,BIOBIO,CONCEPCION,TALCAHUANO,COMISION NACIONAL DE ENERGIA,12/9/2014 9:00 p. m.,6/29/2023 8:00 p. m.,POINT (-73.11273494699998 -36.775491622094904),-36.775491622094904,-73.11273494699998
97,2040,147,NUEVA ALDEA II,ARAUCO BIOENERGIA,TERMOELECTRICA, ,PETROLEO DIESEL,9.88555,1,076/2005,SISTEMA ELECTRICO NACIONAL,OPERATIVA,4/30/2006 8:00 p. m.,188983,5937224,19 SUR,WGS 1984,NUBLE,ITATA,RANQUIL,COMISION NACIONAL DE ENERGIA,12/9/2014 9:00 p. m.,6/29/2023 8:00 p. m.,POINT (-72.47945112999997 -36.659796030096004),-36.659796030096004,-72.47945112999997
98,2041,149,PUERTO IBANEZ,EDELAYSEN,TERMOELECTRICA, ,PETROLEO DIESEL,0.36,1, ,SISTEMA ELECTRICO DE AYSEN,OPERATIVA,12/31/2014 9:00 p. m.,272247,4870714,19 SUR,WGS 1984,AYSEN DEL GENERAL CARLOS IBANEZ DEL CAMPO,GENERAL CARRERA,RIO IBANEZ,COMISION NACIONAL DE ENERGIA,12/9/2014 9:00 p. m.,6/29/2023 8:00 p. m.,POINT (-71.95626336499998 -46.27891618005773),-46.27891618005773,-71.95626336499998
99,2042,150,NUEVA RENCA,GENERADORA METROPOLITANA SPA,TERMOELECTRICA, ,PETROLEO DIESEL,370.1,1,07/1996-123/2003-323/2005-173/2010,SISTEMA ELECTRICO NACIONAL,OPERATIVA,12/31/1996 9:00 p. m.,343149,6301060,19 SUR,WGS 1984,METROPOLITANA DE SANTIAGO,SANTIAGO,RENCA,COMISION NACIONAL DE ENERGIA,12/9/2014 9:00 p. m.,6/29/2023 8:00 p. m.,POINT (-70.68697260799996 -33.418361011132184),-33.418361011132184,-70.68697260799996
100,2043,151,NUEVA VENTANAS,ELECTRICA VENTANAS S.A.,TERMOELECTRICA, ,CARBON,243.093,1,1124/2006-1632/2006,SISTEMA ELECTRICO NACIONAL,OPERATIVA,2/10/2010 9:00 p. m.,267351,6373720,19 SUR,WGS 1984,VALPARAISO,VALPARAISO,PUCHUNCAVI,COMISION NACIONAL DE ENERGIA,12/9/2014 9:00 p. m.,6/29/2023 8:00 p. m.,POINT (-71.483156104 -32.74981254614108),-32.74981254614108,-71.483156104
101,2044,152,OLIVOS,ESPINOS S.A.,TERMOELECTRICA, ,PETROLEO DIESEL,99.936,72,86/2005-03/2008-014/2010,SISTEMA ELECTRICO NACIONAL,OPERATIVA,7/10/2008 8:00 p. m.,265848,6464053,19 SUR,WGS 1984,COQUIMBO,CHOAPA,LOS VILOS,COMISION NACIONAL DE ENERGIA,12/9/2014 9:00 p. m.,6/29/2023 8:00 p. m.,POINT (-71.47689111499994 -31.9353412761525),-31.9353412761525,-71.47689111499994
102,2045,153,ORAFTI,BENEO ORAFTI,TERMOELECTRICA,PMGD,PETROLEO DIESEL,7.2,3,032/2013,SISTEMA ELECTRICO NACIONAL,OPERATIVA,2/26/2009 9:00 p. m.,201959,5910237,19 SUR,WGS 1984,NUBLE,DIGUILLIN,PEMUCO,COMISION NACIONAL DE ENERGIA,12/9/2014 9:00 p. m.,6/29/2023 8:00 p. m.,POINT (-72.34506340599995 -36.906813783093696),-36.906813783093696,-72.34506340599995
103,2046,155,PAJONALES,PRIME ENERGIA QUICKSTART SPA,TERMOELECTRICA, ,PETROLEO DIESEL,101.36,56,214/2016,SISTEMA ELECTRICO NACIONAL,OPERATIVA,1/8/2021 9:00 p. m.,313740,6777923,19 SUR,WGS 1984,ATACAMA,HUASCO,VALLENAR,COMISION NACIONAL DE ENERGIA,8/13/2018 9:00 p. m.,6/29/2023 8:00 p. m.,POINT (-70.91422823399995 -29.113520291197386),-29.113520291197386,-70.91422823399995
104,2047,156,PALENA,EDELAYSEN,TERMOELECTRICA, ,PETROLEO DIESEL,1.394,3, ,SISTEMA ELECTRICO DE AYSEN,OPERATIVA,12/31/2012 9:00 p. m.,274179,5167009,19 SUR,WGS 1984,LOS LAGOS,PALENA,PALENA,COMISION NACIONAL DE ENERGIA,12/9/2014 9:00 p. m.,6/29/2023 8:00 p. m.,POINT (-71.79857383399997 -43.615647280057736),-43.615647280057736,-71.79857383399997
105,2048,162,PETROPOWER,ENAP REFINERIA BIO BIO,TERMOELECTRICA, ,PETCOKE,20.5,1, ,SISTEMA ELECTRICO NACIONAL,OPERATIVA,12/31/1997 9:00 p. m.,132157,5920793,19 SUR,WGS 1984,BIOBIO,CONCEPCION,HUALPEN,COMISION NACIONAL DE ENERGIA,12/9/2014 9:00 p. m.,6/29/2023 8:00 p. m.,POINT (-73.12171005799996 -36.7872873880948),-36.7872873880948,-73.12171005799996
106,2049,163,PLACILLA,TECNORED,TERMOELECTRICA,PMG,PETROLEO DIESEL,2.373,2, ,SISTEMA ELECTRICO NACIONAL,OPERATIVA,5/1/2008 8:00 p. m.,261203,6333774,19 SUR,WGS 1984,VALPARAISO,VALPARAISO,VALPARAISO,COMISION NACIONAL DE ENERGIA,12/9/2014 9:00 p. m.,6/29/2023 8:00 p. m.,POINT (-71.55907020399997 -33.10846862313626),-33.10846862313626,-71.55907020399997
107,2050,165,PLANTA DE ACIDO SULFURICO MEJILLONES,NORACID S.A.,TERMOELECTRICA, ,COGENERACION,18.42,1,369/2009,SISTEMA ELECTRICO NACIONAL,OPERATIVA,10/26/2012 9:00 p. m.,355142,7444829,19 SUR,WGS 1984,ANTOFAGASTA,ANTOFAGASTA,MEJILLONES,COMISION NACIONAL DE ENERGIA,12/9/2014 9:00 p. m.,6/29/2023 8:00 p. m.,POINT (-70.41443616799995 -23.098912580318434),-23.098912580318434,-70.41443616799995
108,2051,166,PORVENIR,EDELMAG S.A.,TERMOELECTRICA, ,GAS NATURAL-PETROLEO,11.07,9, ,SISTEMA ELECTRICO DE MAGALLANES,OPERATIVA,12/31/1923 7:17 p. m.,407963,4094379,19 SUR,WGS 1984,MAGALLANES Y DE LA ANTARTICA CHILENA,TIERRA DEL FUEGO,PORVENIR,COMISION NACIONAL DE ENERGIA,12/9/2014 9:00 p. m.,6/29/2023 8:00 p. m.,POINT (-70.38079256999998 -53.29180148809641),-53.29180148809641,-70.38079256999998
109,2052,167,CHAGUAL,PRIME ENERGIA QUICKSTART SPA,TERMOELECTRICA, ,PETROLEO DIESEL,102.1888,56,090/2016,SISTEMA ELECTRICO NACIONAL,OPERATIVA,8/26/2021 8:00 p. m.,265802,6463348,19 SUR,WGS 1984,COQUIMBO,CHOAPA,LOS VILOS,COMISION NACIONAL DE ENERGIA,8/13/2018 9:00 p. m.,6/29/2023 8:00 p. m.,POINT (-71.47754788399999 -31.94168626215241),-31.94168626215241,-71.47754788399999
110,2053,168,PUERTO GALA,MUNICIPALIDAD DE CISNES,TERMOELECTRICA, ,S/I,0.23,1, ,PARTICULAR,OPERATIVA,,164027,5090890,19 SUR,WGS 1984,AYSEN DEL GENERAL CARLOS IBANEZ DEL CAMPO,AISEN,CISNES,SEREMIA AYSEN,9/29/2018 9:00 p. m.,6/29/2023 8:00 p. m.,POINT (-73.20869695299997 -44.25765351905701),-44.25765351905701,-73.20869695299997
111,2054,169,PUERTO GAVIOTA,MUNICIPALIDAD DE CISNES,TERMOELECTRICA, ,S/I,0.1,1, ,PARTICULAR,OPERATIVA,,160122,5019400,19 SUR,WGS 1984,AYSEN DEL GENERAL CARLOS IBANEZ DEL CAMPO,AISEN,CISNES,SEREMIA AYSEN,9/29/2018 9:00 p. m.,6/29/2023 8:00 p. m.,POINT (-73.30465993199995 -44.89763937805672),-44.89763937805672,-73.30465993199995
112,2055,171,PUERTO NATALES,EDELMAG S.A.,TERMOELECTRICA, ,GAS NATURAL-PETROLEO,13.509,12, ,SISTEMA ELECTRICO DE MAGALLANES,OPERATIVA,12/31/1922 7:17 p. m.,259797,4263188,19 SUR,WGS 1984,MAGALLANES Y DE LA ANTARTICA CHILENA,ULTIMA ESPERANZA,NATALES,COMISION NACIONAL DE ENERGIA,12/9/2014 9:00 p. m.,6/29/2023 8:00 p. m.,POINT (-72.47858650999996 -51.73067769308298),-51.73067769308298,-72.47858650999996
113,2056,173,PUERTO WILLIAMS,EDELMAG S.A.,TERMOELECTRICA, ,PETROLEO,2.3832,5, ,SISTEMA ELECTRICO DE MAGALLANES,OPERATIVA,12/31/2001 9:00 p. m.,591089,3911720,19 SUR,WGS 1984,MAGALLANES Y DE LA ANTARTICA CHILENA,ANTARTICA CHILENA,CABO DE HORNOS,COMISION NACIONAL DE ENERGIA,12/9/2014 9:00 p. m.,6/29/2023 8:00 p. m.,POINT (-67.57834653599997 -54.933172591113355),-54.933172591113355,-67.57834653599997
114,2057,174,PUNITAQUI,ELEKTRAGEN,TERMOELECTRICA,PMGD,PETROLEO DIESEL,9.0,6,022/2007,SISTEMA ELECTRICO NACIONAL,OPERATIVA,7/5/2007 8:00 p. m.,285760,6583984,19 SUR,WGS 1984,COQUIMBO,LIMARI,PUNITAQUI,COMISION NACIONAL DE ENERGIA,12/9/2014 9:00 p. m.,6/29/2023 8:00 p. m.,POINT (-71.24056244099995 -30.858016348168686),-30.858016348168686,-71.24056244099995
115,2058,176,PUNTA ARENAS,EDELMAG S.A.,TERMOELECTRICA, ,PETROLEO DIESEL-GAS NATURAL,9.81,2, ,SISTEMA ELECTRICO DE MAGALLANES,OPERATIVA,12/31/1899 7:17 p. m.,372494,4108766,19 SUR,WGS 1984,MAGALLANES Y DE LA ANTARTICA CHILENA,MAGALLANES,PUNTA ARENAS,COMISION NACIONAL DE ENERGIA,12/9/2014 9:00 p. m.,6/29/2023 8:00 p. m.,POINT (-70.90688807799995 -53.155202357095106),-53.155202357095106,-70.90688807799995
116,2059,181,PUNTA COLORADA,CIA. BARRICK CHILE GENERACION LTDA,TERMOELECTRICA, ,PETROLEO DIESEL,15.856,1,111/2007,SISTEMA ELECTRICO NACIONAL,OPERATIVA,12/2/2010 9:00 p. m.,301710,6749641,19 SUR,WGS 1984,COQUIMBO,ELQUI,LA HIGUERA,COMISION NACIONAL DE ENERGIA,12/9/2014 9:00 p. m.,6/29/2023 8:00 p. m.,POINT (-71.04286144499997 -29.36679960619303),-29.36679960619303,-71.04286144499997
117,2060,182,PUYUHUAPI,EDELAYSEN,TERMOELECTRICA, ,PETROLEO DIESEL,0.292,1, ,SISTEMA ELECTRICO DE AYSEN,OPERATIVA,12/31/2007 9:00 p. m.,216178,5086487,19 SUR,WGS 1984,AYSEN DEL GENERAL CARLOS IBANEZ DEL CAMPO,AISEN,CISNES,COMISION NACIONAL DE ENERGIA,12/9/2014 9:00 p. m.,6/29/2023 8:00 p. m.,POINT (-72.55916332299995 -44.31941023105694),-44.31941023105694,-72.55916332299995
118,2061,183,TRINCAO,ENERGIA SIETE,TERMOELECTRICA, ,PETROLEO DIESEL,17.52,10,143/2008,SISTEMA ELECTRICO NACIONAL,OPERATIVA,8/17/2008 8:00 p. m.,124426,5218699,19 SUR,WGS 1984,LOS LAGOS,CHILOE,QUELLON,COMISION NACIONAL DE ENERGIA,12/9/2014 9:00 p. m.,6/29/2023 8:00 p. m.,POINT (-73.61430191199997 -43.09133642105873),-43.09133642105873,-73.61430191199997
119,2062,184,QUINTAY,TECNORED S.A.,TERMOELECTRICA,PMG,PETROLEO DIESEL,3.0,3, ,SISTEMA ELECTRICO NACIONAL,OPERATIVA,4/6/2008 8:00 p. m.,252117,6323307,19 SUR,WGS 1984,VALPARAISO,VALPARAISO,CASABLANCA,COMISION NACIONAL DE ENERGIA,12/9/2014 9:00 p. m.,6/29/2023 8:00 p. m.,POINT (-71.65919764499995 -33.20074394313503),-33.20074394313503,-71.65919764499995
120,2063,185,QUINTERO, ENEL GENERACION CHILE,TERMOELECTRICA, ,PETROLEO DIESEL,255.201,2,922/2008,SISTEMA ELECTRICO NACIONAL,OPERATIVA,9/3/2009 8:00 p. m.,267192,6369519,19 SUR,WGS 1984,VALPARAISO,VALPARAISO,QUINTERO,COMISION NACIONAL DE ENERGIA,12/9/2014 9:00 p. m.,6/29/2023 8:00 p. m.,POINT (-71.48590457299997 -32.78763916214053),-32.78763916214053,-71.48590457299997
121,2064,186,RAMADILLA,GENERADORA LA CALERA SPA,TERMOELECTRICA,PMGD,PETROLEO DIESEL,3.0,6,NO APLICA,SISTEMA ELECTRICO NACIONAL,OPERATIVA,8/31/2018 9:00 p. m.,265780,6463620,19 SUR,WGS 1984,COQUIMBO,CHOAPA,LOS VILOS,COMISION NACIONAL DE ENERGIA,8/13/2018 9:00 p. m.,6/29/2023 8:00 p. m.,POINT (-71.47771461399998 -31.93923006915244),-31.93923006915244,-71.47771461399998
122,2065,191,RAUL MARIN BALMACEDA,MUNICIPALIDAD DE CISNES,TERMOELECTRICA, ,S/I,0.23,1, ,PARTICULAR,OPERATIVA,,181982,5145255,19 SUR,WGS 1984,AYSEN DEL GENERAL CARLOS IBANEZ DEL CAMPO,AISEN,CISNES,SEREMIA AYSEN,9/29/2018 9:00 p. m.,6/29/2023 8:00 p. m.,POINT (-72.95171096599995 -43.77741467005753),-43.77741467005753,-72.95171096599995
123,2066,192,RENCA,GENERADORA METROPOLITANA SPA,TERMOELECTRICA, ,PETROLEO DIESEL,95.722,2,07/1996-123/2003-323/2005-173/2010,SISTEMA ELECTRICO NACIONAL,OPERATIVA,12/31/1961 8:00 p. m.,342998,6301176,19 SUR,WGS 1984,METROPOLITANA DE SANTIAGO,SANTIAGO,RENCA,COMISION NACIONAL DE ENERGIA,12/9/2014 9:00 p. m.,6/29/2023 8:00 p. m.,POINT (-70.68857578999996 -33.41729308013221),-33.41729308013221,-70.68857578999996
124,2067,193,REY,SAGESA,TERMOELECTRICA,PMGD,PETROLEO DIESEL,0.78,1, ,SISTEMA ELECTRICO NACIONAL,OPERATIVA,9/3/2016 9:00 p. m.,122258,5574356,19 SUR,WGS 1984,LOS RIOS,VALDIVIA,CORRAL,COMISION NACIONAL DE ENERGIA,12/9/2014 9:00 p. m.,6/29/2023 8:00 p. m.,POINT (-73.41786347699997 -39.89670836007141),-39.89670836007141,-73.41786347699997
125,2068,194,SALMOFOOD,SAGESA,TERMOELECTRICA,PMGD,PETROLEO DIESEL,1.6,1, ,SISTEMA ELECTRICO NACIONAL,OPERATIVA,12/31/2008 9:00 p. m.,107865,5297698,19 SUR,WGS 1984,LOS LAGOS,CHILOE,CASTRO,COMISION NACIONAL DE ENERGIA,12/9/2014 9:00 p. m.,6/29/2023 8:00 p. m.,POINT (-73.76240802699994 -42.374023383060525),-42.374023383060525,-73.76240802699994
126,2069,197,SAN GREGORIO,TECNORED,TERMOELECTRICA,PMG,PETROLEO DIESEL,0.422,1, ,SISTEMA ELECTRICO NACIONAL,OPERATIVA,3/19/2009 8:00 p. m.,246817,5981439,19 SUR,WGS 1984,NUBLE,PUNILLA,NIQUEN,COMISION NACIONAL DE ENERGIA,12/9/2014 9:00 p. m.,6/29/2023 8:00 p. m.,POINT (-71.81877399899997 -36.27881765109961),-36.27881765109961,-71.81877399899997
127,2070,199,SAN ISIDRO,ENEL GENERACION CHILE,TERMOELECTRICA, ,GAS NATURAL,371.6,1,036/2007,SISTEMA ELECTRICO NACIONAL,OPERATIVA,12/31/1997 9:00 p. m.,283484,6353348,19 SUR,WGS 1984,VALPARAISO,QUILLOTA,QUILLOTA,COMISION NACIONAL DE ENERGIA,12/9/2014 9:00 p. m.,6/29/2023 8:00 p. m.,POINT (-71.31585387999996 -32.93672298613851),-32.93672298613851,-71.31585387999996
128,2071,200,SAN ISIDRO II,ENEL GENERACION CHILE,TERMOELECTRICA, ,GAS NATURAL,379.951,1, ,SISTEMA ELECTRICO NACIONAL,OPERATIVA,1/20/2008 9:00 p. m.,283629,6353440,19 SUR,WGS 1984,VALPARAISO,QUILLOTA,QUILLOTA,COMISION NACIONAL DE ENERGIA,12/9/2014 9:00 p. m.,6/29/2023 8:00 p. m.,POINT (-71.31428244999995 -32.93592250913853),-32.93592250913853,-71.31428244999995
129,2072,203,SAN JAVIER I,PRIME ENERGIA,TERMOELECTRICA, ,PETROLEO DIESEL,25.51108,14,007/2017,SISTEMA ELECTRICO NACIONAL,OPERATIVA,1/5/2022 9:00 p. m.,193293,6078535,19 SUR,WGS 1984,MAULE,TALCA,CONSTITUCION,COMISION NACIONAL DE ENERGIA,8/13/2018 9:00 p. m.,6/29/2023 8:00 p. m.,POINT (-72.37654022199996 -35.38940159210881),-35.38940159210881,-72.37654022199996
130,2073,204,SAN JAVIER II,PRIME ENERGIA,TERMOELECTRICA, ,PETROLEO DIESEL,25.4338,14,007/2017,SISTEMA ELECTRICO NACIONAL,OPERATIVA,11/5/2022 9:00 p. m.,193293,6078535,19 SUR,WGS 1984,MAULE,TALCA,CONSTITUCION,COMISION NACIONAL DE ENERGIA,8/13/2018 9:00 p. m.,6/29/2023 8:00 p. m.,POINT (-72.37654022199996 -35.38940159210881),-35.38940159210881,-72.37654022199996
131,2074,205,SAN LORENZO DE DIEGO DE ALMAGRO,ENLASA,TERMOELECTRICA, ,PETROLEO DIESEL,62.26,3,161/2008,SISTEMA ELECTRICO NACIONAL,OPERATIVA,9/16/2009 8:00 p. m.,396474,7079561,19 SUR,WGS 1984,ATACAMA,CHANARAL,DIEGO DE ALMAGRO,COMISION NACIONAL DE ENERGIA,12/9/2014 9:00 p. m.,6/29/2023 8:00 p. m.,POINT (-70.03796566499994 -26.40035644124791),-26.40035644124791,-70.03796566499994
132,2075,206,SANTA BARBARA,EDELAYSEN,TERMOELECTRICA, ,PETROLEO DIESEL,1.28,3, ,SISTEMA ELECTRICO DE AYSEN,OPERATIVA,12/31/2009 9:00 p. m.,189530,5248883,19 SUR,WGS 1984,LOS LAGOS,PALENA,CHAITEN,COMISION NACIONAL DE ENERGIA,12/9/2014 9:00 p. m.,6/29/2023 8:00 p. m.,POINT (-72.79958882299997 -42.849575413059256),-42.849575413059256,-72.79958882299997
133,2076,210,SANTA BARBARA (CHAITEN),EDELAYSEN,TERMOELECTRICA, ,PETROLEO DIESEL,0.8,1, ,SISTEMA ELECTRICO DE AYSEN,OPERATIVA,12/31/2009 9:00 p. m.,189530,5248883,19 SUR,WGS 1984,LOS LAGOS,PALENA,CHAITEN,COMISION NACIONAL DE ENERGIA,3/30/2017 9:00 p. m.,6/29/2023 8:00 p. m.,POINT (-72.79958882299997 -42.849575413059256),-42.849575413059256,-72.79958882299997
134,2077,211,SANTA LIDIA,GENERADORA METROPOLITANA SPA,TERMOELECTRICA, ,PETROLEO DIESEL,140.88,1,345/2007,SISTEMA ELECTRICO NACIONAL,OPERATIVA,4/23/2009 8:00 p. m.,205230,5889659,19 SUR,WGS 1984,BIOBIO,BIO-BIO,CABRERO,COMISION NACIONAL DE ENERGIA,12/9/2014 9:00 p. m.,6/29/2023 8:00 p. m.,POINT (-72.31644964299994 -37.09302950709204),-37.09302950709204,-72.31644964299994
135,2078,212,SANTA MARIA,COLBUN S.A.,TERMOELECTRICA, ,CARBON,344.52,1,176/2007,SISTEMA ELECTRICO NACIONAL,OPERATIVA,8/14/2012 8:00 p. m.,132641,5892484,19 SUR,WGS 1984,BIOBIO,CONCEPCION,CORONEL,COMISION NACIONAL DE ENERGIA,12/9/2014 9:00 p. m.,6/29/2023 8:00 p. m.,POINT (-73.13002437099993 -37.04200592409246),-37.04200592409246,-73.13002437099993
136,2079,213,SEPULTURA,ENERGIA GENERACION SPA,TERMOELECTRICA,PMGD,PETROLEO DIESEL,2.985,6,NO APLICA,SISTEMA ELECTRICO NACIONAL,OPERATIVA,8/16/2018 9:00 p. m.,277582,6277688,19 SUR,WGS 1984,VALPARAISO,SAN ANTONIO,SAN ANTONIO,COMISION NACIONAL DE ENERGIA,8/13/2018 9:00 p. m.,6/29/2023 8:00 p. m.,POINT (-71.39751144099995 -33.6173941601296),-33.6173941601296,-71.39751144099995
137,2080,216,TALTAL,ENEL GENERACION CHILE,TERMOELECTRICA, ,GAS NATURAL,240.113,2,109/1998-67/2000-124/2000,SISTEMA ELECTRICO NACIONAL,OPERATIVA,12/31/1999 9:00 p. m.,352040,7235495,19 SUR,WGS 1984,ANTOFAGASTA,ANTOFAGASTA,TALTAL,COMISION NACIONAL DE ENERGIA,12/9/2014 9:00 p. m.,6/29/2023 8:00 p. m.,POINT (-70.46602453799994 -24.98877875127689),-24.98877875127689,-70.46602453799994
138,2081,218,TAPERA 1,EDELAYSEN,TERMOELECTRICA, ,S/I,0.09,1, ,LA TAPERA,OPERATIVA,,288051,5053176,19 SUR,WGS 1984,AYSEN DEL GENERAL CARLOS IBANEZ DEL CAMPO,COIHAYQUE,LAGO VERDE,SEREMIA AYSEN,9/29/2018 9:00 p. m.,6/29/2023 8:00 p. m.,POINT (-71.67265116599998 -44.64350051505678),-44.64350051505678,-71.67265116599998
139,2082,219,TAPERA 2,EDELAYSEN,TERMOELECTRICA, ,S/I,0.09,1, ,LA TAPERA,OPERATIVA,,288051,5053176,19 SUR,WGS 1984,AYSEN DEL GENERAL CARLOS IBANEZ DEL CAMPO,COIHAYQUE,LAGO VERDE,SEREMIA AYSEN,9/29/2018 9:00 p. m.,6/29/2023 8:00 p. m.,POINT (-71.67265116599998 -44.64350051505678),-44.64350051505678,-71.67265116599998
140,2083,220,TAPIHUE,TECNORED,TERMOELECTRICA,PMGD,GAS NATURAL,6.4,2,058/2012,SISTEMA ELECTRICO NACIONAL,OPERATIVA,8/26/2009 8:00 p. m.,277557,6309276,19 SUR,WGS 1984,VALPARAISO,VALPARAISO,CASABLANCA,COMISION NACIONAL DE ENERGIA,12/9/2014 9:00 p. m.,6/29/2023 8:00 p. m.,POINT (-71.38994810399998 -33.33272447513329),-33.33272447513329,-71.38994810399998
141,2084,222,TEHUELCHE,EDELAYSEN,TERMOELECTRICA, ,PETROLEO DIESEL,11.675,8,376/2008,SISTEMA ELECTRICO DE AYSEN,OPERATIVA,12/31/1992 9:00 p. m.,258141,4942921,19 SUR,WGS 1984,AYSEN DEL GENERAL CARLOS IBANEZ DEL CAMPO,COIHAYQUE,COIHAYQUE,COMISION NACIONAL DE ENERGIA,12/9/2014 9:00 p. m.,6/29/2023 8:00 p. m.,POINT (-72.10263394099997 -45.625109955057),-45.625109955057,-72.10263394099997
142,2085,229,TEHUELCHE PROVISORIA,EDELAYSEN,TERMOELECTRICA, ,PETROLEO DIESEL,5.0,1, ,SISTEMA ELECTRICO DE AYSEN,OPERATIVA,12/31/1992 9:00 p. m.,258168,4942956,19 SUR,WGS 1984,AYSEN DEL GENERAL CARLOS IBANEZ DEL CAMPO,COIHAYQUE,COIHAYQUE,COMISION NACIONAL DE ENERGIA,12/9/2014 9:00 p. m.,6/29/2023 8:00 p. m.,POINT (-72.10227072199996 -45.62480478605699),-45.62480478605699,-72.10227072199996
143,2086,234,TENO,ENLASA,TERMOELECTRICA, ,PETROLEO DIESEL,58.882,36,029/2017,SISTEMA ELECTRICO NACIONAL,OPERATIVA,5/6/2009 8:00 p. m.,304217,6139440,19 SUR,WGS 1984,MAULE,CURICO,TENO,COMISION NACIONAL DE ENERGIA,12/9/2014 9:00 p. m.,6/29/2023 8:00 p. m.,POINT (-71.14193426099996 -34.86856219611459),-34.86856219611459,-71.14193426099996
144,2087,235,TENO GAS,INERSA,TERMOELECTRICA, ,GAS NATURAL-GAS LICUADO,43.68,26,029/2017,SISTEMA ELECTRICO NACIONAL,OPERATIVA,2/12/2020 9:00 p. m.,304044,6139549,19 SUR,WGS 1984,MAULE,CURICO,TENO,COMISION NACIONAL DE ENERGIA,8/13/2018 9:00 p. m.,6/29/2023 8:00 p. m.,POINT (-71.14380026299995 -34.86754661511463),-34.86754661511463,-71.14380026299995
145,2088,236,ANGAMOS,EMPRESA ELECTICA ANGAMOS S.A.,TERMOELECTRICA, ,CARBON-PETCOKE,501.55,2,290/2007,SISTEMA ELECTRICO NACIONAL,OPERATIVA,4/10/2011 9:00 p. m.,359738,7448524,19 SUR,WGS 1984,ANTOFAGASTA,ANTOFAGASTA,MEJILLONES,COMISION NACIONAL DE ENERGIA,12/9/2014 9:00 p. m.,6/29/2023 8:00 p. m.,POINT (-70.36923150999998 -23.06593960331915),-23.06593960331915,-70.36923150999998
146,2089,237,COCHRANE,COCHRANE,TERMOELECTRICA, ,CARBON-PETCOKE,489.603,2,305/2009,SISTEMA ELECTRICO NACIONAL,OPERATIVA,7/8/2016 8:00 p. m.,360098,7448867,19 SUR,WGS 1984,ANTOFAGASTA,ANTOFAGASTA,MEJILLONES,COMISION NACIONAL DE ENERGIA,12/30/2009 9:00 p. m.,6/29/2023 8:00 p. m.,POINT (-70.36568671199996 -23.062872446319247),-23.062872446319247,-70.36568671199996
147,2090,238,HORNITOS,HORNITOS,TERMOELECTRICA, ,CARBON,157.61,1, ,SISTEMA ELECTRICO NACIONAL,OPERATIVA,8/4/2011 8:00 p. m.,355832,7446053,19 SUR,WGS 1984,ANTOFAGASTA,ANTOFAGASTA,MEJILLONES,COMISION NACIONAL DE ENERGIA,12/9/2014 9:00 p. m.,6/29/2023 8:00 p. m.,POINT (-70.40758521899994 -23.087919341318674),-23.087919341318674,-70.40758521899994
148,2091,239,MEJILLONES,ENGIE,TERMOELECTRICA, ,CARBON-GAS NATURAL,531.98,5,051/1999,SISTEMA ELECTRICO NACIONAL,OPERATIVA,12/31/1994 9:00 p. m.,355422,7445919,19 SUR,WGS 1984,ANTOFAGASTA,ANTOFAGASTA,MEJILLONES,COMISION NACIONAL DE ENERGIA,12/9/2014 9:00 p. m.,6/29/2023 8:00 p. m.,POINT (-70.41159995899994 -23.089093713318626),-23.089093713318626,-70.41159995899994
149,2092,243,NORGENER,AES ANDES,TERMOELECTRICA, ,CARBON-PETCOKE,262.289,2, ,SISTEMA ELECTRICO NACIONAL,OPERATIVA,12/31/1994 9:00 p. m.,375163,7556065,19 SUR,WGS 1984,ANTOFAGASTA,TOCOPILLA,TOCOPILLA,COMISION NACIONAL DE ENERGIA,12/9/2014 9:00 p. m.,6/29/2023 8:00 p. m.,POINT (-70.21016678499996 -22.09587498134167),-22.09587498134167,-70.21016678499996
150,2093,246,TERMOELECTRICA TARAPACA,ENEL GENERACION CHILE,TERMOELECTRICA, ,PETROLEO DIESEL,20.022,1, ,SISTEMA ELECTRICO NACIONAL,OPERATIVA,12/31/1998 9:00 p. m.,375862,7698898,19 SUR,WGS 1984,TARAPACA,IQUIQUE,IQUIQUE,COMISION NACIONAL DE ENERGIA,12/9/2014 9:00 p. m.,6/29/2023 8:00 p. m.,POINT (-70.19285027599994 -20.805689034372794),-20.805689034372794,-70.19285027599994
151,2094,249,TOCOPILLA,ENGIE,TERMOELECTRICA, ,PETROLEO DIESEL,428.466,6,075/1998,SISTEMA ELECTRICO NACIONAL,OPERATIVA,12/31/1959 8:00 p. m.,375161,7556026,19 SUR,WGS 1984,ANTOFAGASTA,TOCOPILLA,TOCOPILLA,COMISION NACIONAL DE ENERGIA,12/9/2014 9:00 p. m.,6/29/2023 8:00 p. m.,POINT (-70.21018917399994 -22.09622710234164),-22.09622710234164,-70.21018917399994
152,2095,258,TERMOPACIFICO,GENERADORA DEL PACIFICO S.A.,TERMOELECTRICA, ,PETROLEO DIESEL,95.5623,60,207/2009-244/2009,SISTEMA ELECTRICO NACIONAL,OPERATIVA,11/14/2009 9:00 p. m.,363495,6958309,19 SUR,WGS 1984,ATACAMA,COPIAPO,COPIAPO,COMISION NACIONAL DE ENERGIA,12/9/2014 9:00 p. m.,6/29/2023 8:00 p. m.,POINT (-70.38183535799993 -27.492003167226695),-27.492003167226695,-70.38183535799993
153,2096,259,TIRUA,SAGESA,TERMOELECTRICA,PMGD,PETROLEO DIESEL,1.9,1, ,SISTEMA ELECTRICO NACIONAL,OPERATIVA,7/20/2011 8:00 p. m.,107826,5748591,19 SUR,WGS 1984,BIOBIO,ARAUCO,TIRUA,COMISION NACIONAL DE ENERGIA,12/9/2014 9:00 p. m.,6/29/2023 8:00 p. m.,POINT (-73.48561834899994 -38.32502576308189),-38.32502576308189,-73.48561834899994
154,2097,260,TOMAVAL,BIOCRUZ GENERACION,TERMOELECTRICA,PMGD,PETROLEO DIESEL,2.9,2, ,SISTEMA ELECTRICO NACIONAL,OPERATIVA,3/31/2011 9:00 p. m.,291579,6362592,19 SUR,WGS 1984,VALPARAISO,QUILLOTA,LA CRUZ,COMISION NACIONAL DE ENERGIA,12/9/2014 9:00 p. m.,6/29/2023 8:00 p. m.,POINT (-71.22724042099998 -32.85497487513964),-32.85497487513964,-71.22724042099998
155,2098,262,TORTEL,MUNICIPALIDAD DE TORTEL,TERMOELECTRICA, ,S/I,0.24,1, ,PARTICULAR,OPERATIVA,,161106,4695166,19 SUR,WGS 1984,AYSEN DEL GENERAL CARLOS IBANEZ DEL CAMPO,CAPITAN PRAT,TORTEL,SEREMIA AYSEN,9/29/2018 9:00 p. m.,6/29/2023 8:00 p. m.,POINT (-73.52673551599997 -47.80750440506141),-47.80750440506141,-73.52673551599997
156,2099,263,TRAPEN,ENLASA,TERMOELECTRICA, ,PETROLEO DIESEL,80.838,50,113/2008,SISTEMA ELECTRICO NACIONAL,OPERATIVA,12/31/2008 9:00 p. m.,159794,5395737,19 SUR,WGS 1984,LOS LAGOS,LLANQUIHUE,PUERTO MONTT,COMISION NACIONAL DE ENERGIA,12/9/2014 9:00 p. m.,6/29/2023 8:00 p. m.,POINT (-73.07683113499996 -41.517732887063474),-41.517732887063474,-73.07683113499996
157,2100,264,TRES PUENTES,EDELMAG S.A.,TERMOELECTRICA, ,GAS NATURAL-PETROLEO,72.31,8,286/2002-52/2006-144/2007,SISTEMA ELECTRICO DE MAGALLANES,OPERATIVA,12/31/1984 9:00 p. m.,372989,4114757,19 SUR,WGS 1984,MAGALLANES Y DE LA ANTARTICA CHILENA,MAGALLANES,PUNTA ARENAS,COMISION NACIONAL DE ENERGIA,12/9/2014 9:00 p. m.,6/29/2023 8:00 p. m.,POINT (-70.89711695999995 -53.10149569109462),-53.10149569109462,-70.89711695999995
158,2101,265,TRONGOL-CURANILAHUE,SAGESA,TERMOELECTRICA,PMGD,PETROLEO DIESEL,2.4,5,132/2013,SISTEMA ELECTRICO NACIONAL,OPERATIVA,7/31/2012 8:00 p. m.,117942,5841835,19 SUR,WGS 1984,BIOBIO,ARAUCO,CURANILAHUE,COMISION NACIONAL DE ENERGIA,12/9/2014 9:00 p. m.,6/29/2023 8:00 p. m.,POINT (-73.32084321699995 -37.49140135208855),-37.49140135208855,-73.32084321699995
159,2102,267,UJINA,MINERA COLLAHUASI,TERMOELECTRICA, ,FUEL OIL NRO 6,44.130865,6,020/2008,SISTEMA ELECTRICO NACIONAL,OPERATIVA,3/29/2016 9:00 p. m.,542432,7680222,19 SUR,WGS 1984,TARAPACA,TAMARUGAL,PICA,COMISION NACIONAL DE ENERGIA,12/9/2014 9:00 p. m.,6/29/2023 8:00 p. m.,POINT (-68.59178263899997 -20.978099769368576),-20.978099769368576,-68.59178263899997
160,2103,275,VENTANAS II,AES ANDES,TERMOELECTRICA, ,CARBON,193.459,1, ,SISTEMA ELECTRICO NACIONAL,OPERATIVA,12/31/1976 9:00 p. m.,267340,6373587,19 SUR,WGS 1984,VALPARAISO,VALPARAISO,PUCHUNCAVI,COMISION NACIONAL DE ENERGIA,12/9/2014 9:00 p. m.,6/29/2023 8:00 p. m.,POINT (-71.48330669399996 -32.751008848141055),-32.751008848141055,-71.48330669399996
161,2104,276,VILLA OHIGGINS,EDELAYSEN,TERMOELECTRICA, ,S/I,0.15,1, ,VILLA O'HIGGINS,OPERATIVA,,236845,4624666,19 SUR,WGS 1984,AYSEN DEL GENERAL CARLOS IBANEZ DEL CAMPO,CAPITAN PRAT,O'HIGGINS,SEREMIA AYSEN,9/29/2018 9:00 p. m.,6/29/2023 8:00 p. m.,POINT (-72.56091315199996 -48.476001037063845),-48.476001037063845,-72.56091315199996
162,2105,279,YUNGAY,CENTRAL YUNGAY S.A.,TERMOELECTRICA, ,PETROLEO DIESEL,197.58,4, ,SISTEMA ELECTRICO NACIONAL,OPERATIVA,3/20/2007 8:00 p. m.,207335,5888347,19 SUR,WGS 1984,BIOBIO,BIO-BIO,CABRERO,COMISION NACIONAL DE ENERGIA,12/9/2014 9:00 p. m.,6/29/2023 8:00 p. m.,POINT (-72.29331369899995 -37.105496356091884),-37.105496356091884,-72.29331369899995
163,2106,280,ZAPALLAR,ZAPALLAR SPA,TERMOELECTRICA,PMGD,PETROLEO DIESEL,2.985,6, ,SISTEMA ELECTRICO NACIONAL,OPERATIVA,2/14/2019 9:00 p. m.,296881,6125556,19 SUR,WGS 1984,MAULE,CURICO,CURICO,COMISION NACIONAL DE ENERGIA,12/30/2018 9:00 p. m.,6/29/2023 8:00 p. m.,POINT (-71.22551766499998 -34.992227288113234),-34.992227288113234,-71.22551766499998
164,2107,281,YUMBEL,ESPINOS S.A.,TERMOELECTRICA,PMGD,PETROLEO DIESEL,2.985,2, ,SISTEMA ELECTRICO NACIONAL,OPERATIVA,6/26/2019 8:00 p. m.,184820,5884776,19 SUR,WGS 1984,BIOBIO,BIO-BIO,YUMBEL,COMISION NACIONAL DE ENERGIA,3/30/2019 9:00 p. m.,6/29/2023 8:00 p. m.,POINT (-72.54774564699994 -37.13032130909168),-37.13032130909168,-72.54774564699994
165,2108,282,LOS SAUCES,ESPINOS S.A.,TERMOELECTRICA,PMGD,PETROLEO DIESEL,2.985,2, ,SISTEMA ELECTRICO NACIONAL,OPERATIVA,6/26/2019 8:00 p. m.,163350,5788680,19 SUR,WGS 1984,LA ARAUCANIA,MALLECO,LOS SAUCES,COMISION NACIONAL DE ENERGIA,3/30/2019 9:00 p. m.,6/29/2023 8:00 p. m.,POINT (-72.83302853899994 -37.98709629108446),-37.98709629108446,-72.83302853899994
166,2109,283,GAMI,GENERADORA ELECTRICA GAMI LTDA.,TERMOELECTRICA,PMGD,PETROLEO DIESEL,2.875,6, ,SISTEMA ELECTRICO NACIONAL,OPERATIVA,6/28/2019 8:00 p. m.,146818,5508915,19 SUR,WGS 1984,LOS LAGOS,OSORNO,SAN PABLO,COMISION NACIONAL DE ENERGIA,3/30/2019 9:00 p. m.,6/29/2023 8:00 p. m.,POINT (-73.16726307099998 -40.49532993706808),-40.49532993706808,-73.16726307099998
167,2110,284,PICOLTUE,ESPINOS S.A.,TERMOELECTRICA,PMGD,PETROLEO DIESEL,2.985,2, ,SISTEMA ELECTRICO NACIONAL,OPERATIVA,6/26/2019 8:00 p. m.,212660,5823653,19 SUR,WGS 1984,BIOBIO,BIO-BIO,MULCHEN,COMISION NACIONAL DE ENERGIA,3/30/2019 9:00 p. m.,6/29/2023 8:00 p. m.,POINT (-72.25861731899994 -37.68934700208691),-37.68934700208691,-72.25861731899994
168,2111,286,CALFUCO,GENERADORA AZUL SPA,TERMOELECTRICA,PMGD,PETROLEO DIESEL,2.99,6, ,SISTEMA ELECTRICO NACIONAL,OPERATIVA,9/3/2019 8:00 p. m.,159859,5395084,19 SUR,WGS 1984,LOS LAGOS,LLANQUIHUE,PUERTO MONTT,COMISION NACIONAL DE ENERGIA,6/29/2019 8:00 p. m.,6/29/2023 8:00 p. m.,POINT (-73.07642289199998 -41.523627411063465),-41.523627411063465,-73.07642289199998
169,2112,287,RIO AZUL,GENERADORA LA CALERA SPA,TERMOELECTRICA,PMGD,PETROLEO DIESEL,2.99,6, ,SISTEMA ELECTRICO NACIONAL,OPERATIVA,8/29/2019 8:00 p. m.,159853,5395063,19 SUR,WGS 1984,LOS LAGOS,LLANQUIHUE,PUERTO MONTT,COMISION NACIONAL DE ENERGIA,6/29/2019 8:00 p. m.,6/29/2023 8:00 p. m.,POINT (-73.07650648599997 -41.52381354006348),-41.52381354006348,-73.07650648599997
170,2113,288,PMGD TER CIRUELILLO,IMELSA ENERGIA SPA,TERMOELECTRICA,PMGD,PETROLEO DIESEL,2.955,1, ,SISTEMA ELECTRICO NACIONAL,OPERATIVA,11/14/2019 9:00 p. m.,111000,5359637,19 SUR,WGS 1984,LOS LAGOS,CHILOE,ANCUD,COMISION NACIONAL DE ENERGIA,6/29/2019 8:00 p. m.,6/29/2023 8:00 p. m.,POINT (-73.68327994499998 -41.819625226062335),-41.819625226062335,-73.68327994499998
171,2114,289,CALAFATE,GENERADORA CALAFATE SPA,TERMOELECTRICA,PMGD,PETROLEO DIESEL,2.99,6, ,SISTEMA ELECTRICO NACIONAL,OPERATIVA,12/26/2019 9:00 p. m.,173270,5405595,19 SUR,WGS 1984,LOS LAGOS,LLANQUIHUE,PUERTO MONTT,COMISION NACIONAL DE ENERGIA,12/30/2019 9:00 p. m.,6/29/2023 8:00 p. m.,POINT (-72.91037542199996 -41.43475222006383),-41.43475222006383,-72.91037542199996
172,2115,290,ALERCE,GENERADORA LA CALERA SPA,TERMOELECTRICA,PMGD,PETROLEO DIESEL,2.99,1, ,SISTEMA ELECTRICO NACIONAL,OPERATIVA,12/19/2019 9:00 p. m.,173270,5405595,19 SUR,WGS 1984,LOS LAGOS,LLANQUIHUE,PUERTO MONTT,COMISION NACIONAL DE ENERGIA,12/30/2019 9:00 p. m.,6/29/2023 8:00 p. m.,POINT (-72.91037542199996 -41.43475222006383),-41.43475222006383,-72.91037542199996
173,2116,293,PINARES,ELECTRICA PINARES LTDA.,TERMOELECTRICA,PMGD,PETROLEO DIESEL,8.6,8,279/2020,SISTEMA ELECTRICO NACIONAL,OPERATIVA,2/9/2021 9:00 p. m.,193300,6078350,19 SUR,WGS 1984,MAULE,TALCA,CONSTITUCION,COMISION NACIONAL DE ENERGIA,12/30/2019 9:00 p. m.,6/29/2023 8:00 p. m.,POINT (-72.37653276299994 -35.39106896010881),-35.39106896010881,-72.37653276299994
174,2117,296,AGGREKO 01,AGGREKO CHILE LTDA.,TERMOELECTRICA,PMGD,PETROLEO DIESEL,3.0,3, ,SISTEMA ELECTRICO NACIONAL,OPERATIVA,2/27/2022 9:00 p. m.,341224,6310313,19 SUR,WGS 1984,METROPOLITANA DE SANTIAGO,SANTIAGO,QUILICURA,COMISION NACIONAL DE ENERGIA,6/29/2020 8:00 p. m.,6/29/2023 8:00 p. m.,POINT (-70.70603846799997 -33.33465441613328),-33.33465441613328,-70.70603846799997
175,2118,297,DON PEDRO,EBCO ENERGIA S.A.,TERMOELECTRICA,PMGD,PETROLEO DIESEL,2.88,6, ,SISTEMA ELECTRICO NACIONAL,OPERATIVA,5/18/2021 8:00 p. m.,130586,5911059,19 SUR,WGS 1984,BIOBIO,CONCEPCION,SAN PEDRO DE LA PAZ,COMISION NACIONAL DE ENERGIA,6/29/2020 8:00 p. m.,6/29/2023 8:00 p. m.,POINT (-73.14399751799994 -36.874195705094),-36.874195705094,-73.14399751799994
176,2119,298,LAS QUEMAS,GENERSUR SPA,TERMOELECTRICA,PMGD,PETROLEO DIESEL,9.0,9,123/2020,SISTEMA ELECTRICO NACIONAL,OPERATIVA,6/4/2021 8:00 p. m.,153559,5496536,19 SUR,WGS 1984,LOS LAGOS,OSORNO,OSORNO,COMISION NACIONAL DE ENERGIA,6/29/2020 8:00 p. m.,6/29/2023 8:00 p. m.,POINT (-73.09470093199997 -40.609405438067526),-40.609405438067526,-73.09470093199997
177,2120,299,EL FARO,GENERADORA NORTE SPA,TERMOELECTRICA,PMGD,PETROLEO DIESEL,3.0,6, ,SISTEMA ELECTRICO NACIONAL,OPERATIVA,9/30/2020 9:00 p. m.,265623,6463553,19 SUR,WGS 1984,COQUIMBO,CHOAPA,LOS VILOS,COMISION NACIONAL DE ENERGIA,6/29/2020 8:00 p. m.,6/29/2023 8:00 p. m.,POINT (-71.47939034399997 -31.93980156315242),-31.93980156315242,-71.47939034399997
178,2121,301,ETERSOL,ENERGIA MORRO GUAYACAN SPA,TERMOELECTRICA,PMGD,PETROLEO DIESEL,0.73,2, ,SISTEMA ELECTRICO NACIONAL,OPERATIVA,3/6/2021 9:00 p. m.,341285,6306223,19 SUR,WGS 1984,METROPOLITANA DE SANTIAGO,SANTIAGO,QUILICURA,COMISION NACIONAL DE ENERGIA,6/29/2020 8:00 p. m.,6/29/2023 8:00 p. m.,POINT (-70.70610268599995 -33.37153826713279),-33.37153826713279,-70.70610268599995
179,2122,302,BLUEGATE,BLUEGATE ENERGIA SPA,TERMOELECTRICA,PMGD,PETROLEO DIESEL,3.0,6, ,SISTEMA ELECTRICO NACIONAL,OPERATIVA,10/6/2020 9:00 p. m.,159886,5395012,19 SUR,WGS 1984,LOS LAGOS,LLANQUIHUE,PUERTO MONTT,COMISION NACIONAL DE ENERGIA,6/29/2020 8:00 p. m.,6/29/2023 8:00 p. m.,POINT (-73.07614076299996 -41.52428576206348),-41.52428576206348,-73.07614076299996
180,2123,303,RASO POWER,ELECTRICA RASO POWER LTDA.,TERMOELECTRICA,PMGD,PETROLEO DIESEL-GAS NATURAL,8.48,5,NO APLICA,SISTEMA ELECTRICO NACIONAL,OPERATIVA,3/31/2016 9:00 p. m.,193276,6078438,19 SUR,WGS 1984,MAULE,TALCA,CONSTITUCION,COMISION NACIONAL DE ENERGIA,6/29/2018 8:00 p. m.,6/29/2023 8:00 p. m.,POINT (-72.37676351999994 -35.39026947610879),-35.39026947610879,-72.37676351999994
181,2124,304,BOLDOS,ALTO CAUTIN SPA,TERMOELECTRICA,PMGD,PETROLEO DIESEL,2.991,1, ,SISTEMA ELECTRICO NACIONAL,OPERATIVA,5/20/2020 8:00 p. m.,212553,5823724,19 SUR,WGS 1984,BIOBIO,BIO-BIO,MULCHEN,COMISION NACIONAL DE ENERGIA,12/30/2020 9:00 p. m.,6/29/2023 8:00 p. m.,POINT (-72.25980096899997 -37.68867456708691),-37.68867456708691,-72.25980096899997
182,2125,305,AROMOS,ALTO CAUTIN SPA,TERMOELECTRICA,PMGD,PETROLEO DIESEL,2.991,1, ,SISTEMA ELECTRICO NACIONAL,OPERATIVA,5/19/2020 8:00 p. m.,163662,5789060,19 SUR,WGS 1984,LA ARAUCANIA,MALLECO,LOS SAUCES,COMISION NACIONAL DE ENERGIA,12/30/2020 9:00 p. m.,6/29/2023 8:00 p. m.,POINT (-72.82930560999995 -37.98379469508452),-37.98379469508452,-72.82930560999995
183,2126,306,DEUCO,EBCO ENERGIA S.A.,TERMOELECTRICA,PMGD,PETROLEO DIESEL,2.88,6, ,SISTEMA ELECTRICO NACIONAL,OPERATIVA,8/18/2020 8:00 p. m.,174490,5806942,19 SUR,WGS 1984,LA ARAUCANIA,MALLECO,ANGOL,COMISION NACIONAL DE ENERGIA,12/30/2020 9:00 p. m.,6/29/2023 8:00 p. m.,POINT (-72.69819718699995 -37.82690772808578),-37.82690772808578,-72.69819718699995
184,2127,307,LOS NEGROS,LLONQUEN ENERGIAS SPA,TERMOELECTRICA,PMGD,PETROLEO DIESEL,2.99,6, ,SISTEMA ELECTRICO NACIONAL,OPERATIVA,10/19/2020 9:00 p. m.,167263,5499100,19 SUR,WGS 1984,LOS LAGOS,OSORNO,OSORNO,COMISION NACIONAL DE ENERGIA,12/30/2020 9:00 p. m.,6/29/2023 8:00 p. m.,POINT (-72.93174636299995 -40.59198653206762),-40.59198653206762,-72.93174636299995
185,2128,308,CAMPESINA (EX ALDEA),LLONQUEN ENERGIAS SPA,TERMOELECTRICA,PMGD,PETROLEO DIESEL,2.99,6, ,SISTEMA ELECTRICO NACIONAL,OPERATIVA,10/20/2020 9:00 p. m.,159729,5529529,19 SUR,WGS 1984,LOS RIOS,RANCO,LA UNION,COMISION NACIONAL DE ENERGIA,12/30/2020 9:00 p. m.,6/29/2023 8:00 p. m.,POINT (-73.00427296799995 -40.31545994906904),-40.31545994906904,-73.00427296799995
186,2129,309,RAPACO,LLONQUEN ENERGIAS SPA,TERMOELECTRICA,PMGD,PETROLEO DIESEL,2.99,6, ,SISTEMA ELECTRICO NACIONAL,OPERATIVA,10/20/2020 9:00 p. m.,153923,5534216,19 SUR,WGS 1984,LOS RIOS,RANCO,LA UNION,COMISION NACIONAL DE ENERGIA,12/30/2020 9:00 p. m.,6/29/2023 8:00 p. m.,POINT (-73.06990347099998 -40.270956607069294),-40.270956607069294,-73.06990347099998
187,2130,310,TAMBORES,LLONQUEN ENERGIAS SPA,TERMOELECTRICA,PMGD,PETROLEO DIESEL,2.99,6, ,SISTEMA ELECTRICO NACIONAL,OPERATIVA,10/7/2020 9:00 p. m.,160616,5526336,19 SUR,WGS 1984,LOS RIOS,RANCO,RIO BUENO,COMISION NACIONAL DE ENERGIA,12/30/2020 9:00 p. m.,6/29/2023 8:00 p. m.,POINT (-72.99555360799997 -40.3445171380689),-40.3445171380689,-72.99555360799997
188,2131,311,CHIFIN,LLONQUEN ENERGIAS SPA,TERMOELECTRICA,PMGD,PETROLEO DIESEL,2.99,6, ,SISTEMA ELECTRICO NACIONAL,OPERATIVA,10/6/2020 9:00 p. m.,145937,5476085,19 SUR,WGS 1984,LOS LAGOS,OSORNO,RIO NEGRO,COMISION NACIONAL DE ENERGIA,12/30/2020 9:00 p. m.,6/29/2023 8:00 p. m.,POINT (-73.19609586099995 -40.78992274406665),-40.78992274406665,-73.19609586099995
189,2132,312,TRANQUILO,EDELAYSEN,TERMOELECTRICA, ,PETROLEO DIESEL,0.4,1, ,SISTEMA ELECTRICO DE AYSEN,OPERATIVA,12/31/2018 9:00 p. m.,218893,4829876,19 SUR,WGS 1984,AYSEN DEL GENERAL CARLOS IBANEZ DEL CAMPO,GENERAL CARRERA,RIO IBANEZ,COMISION NACIONAL DE ENERGIA,12/30/2020 9:00 p. m.,6/29/2023 8:00 p. m.,POINT (-72.67210839399996 -46.62570800505836),-46.62570800505836,-72.67210839399996
190,2133,313,CAMPING DIESEL,TACORA ENERGY SPA,TERMOELECTRICA,PMGD,PETROLEO DIESEL,3.0,6, ,SISTEMA ELECTRICO NACIONAL,OPERATIVA,7/2/2021 8:00 p. m.,320871,6268771,19 SUR,WGS 1984,METROPOLITANA DE SANTIAGO,TALAGANTE,TALAGANTE,COMISION NACIONAL DE ENERGIA,12/30/2020 9:00 p. m.,6/29/2023 8:00 p. m.,POINT (-70.93294311899996 -33.70593900012851),-33.70593900012851,-70.93294311899996
191,2134,314,DAGOBERTO,EBCO ENERGIA S.A.,TERMOELECTRICA,PMGD,PETROLEO DIESEL,2.88,6, ,SISTEMA ELECTRICO NACIONAL,OPERATIVA,9/29/2021 9:00 p. m.,186478,5703757,19 SUR,WGS 1984,LA ARAUCANIA,CAUTIN,TEMUCO,COMISION NACIONAL DE ENERGIA,12/30/2020 9:00 p. m.,6/29/2023 8:00 p. m.,POINT (-72.60797340199997 -38.75922841907867),-38.75922841907867,-72.60797340199997
192,2135,315,QUITRALMAN,CENTRAL EL ATAJO SPA,TERMOELECTRICA,PMGD,PETROLEO DIESEL,2.4,5, ,SISTEMA ELECTRICO NACIONAL,OPERATIVA,1/28/2021 9:00 p. m.,215774,5828688,19 SUR,WGS 1984,BIOBIO,BIO-BIO,MULCHEN,COMISION NACIONAL DE ENERGIA,12/30/2020 9:00 p. m.,6/29/2023 8:00 p. m.,POINT (-72.22139307499998 -37.645006594087306),-37.645006594087306,-72.22139307499998
193,2136,317,CHILLAN,ESPINOS S.A.,TERMOELECTRICA,PMGD,PETROLEO DIESEL,2.9,6, ,SISTEMA ELECTRICO NACIONAL,OPERATIVA,1/26/2021 9:00 p. m.,216396,5941608,19 SUR,WGS 1984,NUBLE,DIGUILLIN,CHILLAN VIEJO,COMISION NACIONAL DE ENERGIA,12/30/2020 9:00 p. m.,6/29/2023 8:00 p. m.,POINT (-72.17159934899996 -36.62889735909628),-36.62889735909628,-72.17159934899996
194,2137,321,LAGUNITAS,EMPRESA ELECTRICA LAGUNITAS SPA,TERMOELECTRICA,PMGD,PETROLEO DIESEL,2.5,1, ,SISTEMA ELECTRICO NACIONAL,OPERATIVA,5/8/2022 8:00 p. m.,165328,5403105,19 SUR,WGS 1984,LOS LAGOS,LLANQUIHUE,PUERTO MONTT,COMISION NACIONAL DE ENERGIA,5/30/2021 8:00 p. m.,6/29/2023 8:00 p. m.,POINT (-73.00658493499998 -41.45385859606376),-41.45385859606376,-73.00658493499998
195,2138,322,EGIDO,TACORA ENERGY SPA,TERMOELECTRICA,PMGD,PETROLEO DIESEL,3.0,1, ,SISTEMA ELECTRICO NACIONAL,OPERATIVA,4/28/2022 8:00 p. m.,258268,6335411,19 SUR,WGS 1984,VALPARAISO,VALPARAISO,VALPARAISO,COMISION NACIONAL DE ENERGIA,5/30/2021 8:00 p. m.,6/29/2023 8:00 p. m.,POINT (-71.59006243999994 -33.093068007136424),-33.093068007136424,-71.59006243999994
196,2139,324,LLAGUEPE,SAGESA S.A.,TERMOELECTRICA, ,PETROLEO DIESEL,1.6,2, ,PALENA,OPERATIVA,12/31/2020 9:00 p. m.,209928,5374507,19 SUR,WGS 1984,LOS LAGOS,LLANQUIHUE,COCHAMO,COMISION NACIONAL DE ENERGIA,5/30/2021 8:00 p. m.,6/29/2023 8:00 p. m.,POINT (-72.48749499599995 -41.72832488506268),-41.72832488506268,-72.48749499599995
197,2140,326,EL CEREZO,GESTION AGRICOLA S.A.,TERMOELECTRICA,PMGD,PETROLEO DIESEL,3.0,6, ,SISTEMA ELECTRICO NACIONAL,OPERATIVA,8/17/2021 8:00 p. m.,312096,6133343,19 SUR,WGS 1984,MAULE,CURICO,TENO,COMISION NACIONAL DE ENERGIA,5/30/2021 8:00 p. m.,6/29/2023 8:00 p. m.,POINT (-71.05715548499995 -34.924994601113966),-34.924994601113966,-71.05715548499995
198,2141,331,BERLIOZ,AS ENERGIA LIMITADA,TERMOELECTRICA,PMGD,PETROLEO DIESEL,3.0,8, ,SISTEMA ELECTRICO NACIONAL,OPERATIVA,,348283,6290922,19 SUR,WGS 1984,METROPOLITANA DE SANTIAGO,SANTIAGO,SAN JOAQUIN,COMISION NACIONAL DE ENERGIA,12/30/2021 9:00 p. m.,6/29/2023 8:00 p. m.,POINT (-70.63348900999995 -33.51050405513098),-33.51050405513098,-70.63348900999995
199,2142,335,NUEVO REINO,EDELAYSEN,TERMOELECTRICA, ,PETROLEO DIESEL,1.67,5, ,SISTEMA ELECTRICO DE AYSEN,OPERATIVA,12/31/1986 9:00 p. m.,208629,5041281,19 SUR,WGS 1984,AYSEN DEL GENERAL CARLOS IBANEZ DEL CAMPO,AISEN,CISNES,COMISION NACIONAL DE ENERGIA,12/30/2022 9:00 p. m.,6/29/2023 8:00 p. m.,POINT (-72.67914481899999 -44.7225646110568),-44.7225646110568,-72.67914481899999
200,2143,336,MERCED (EX LAS MERCEDES),GENERADORA LOS HIBISCOS SPA,TERMOELECTRICA,PMGD,PETROLEO DIESEL,3.0,6, ,SISTEMA ELECTRICO NACIONAL,OPERATIVA,3/23/2023 9:00 p. m.,341989,6274588,19 SUR,WGS 1984,METROPOLITANA DE SANTIAGO,MAIPO,SAN BERNARDO,COMISION NACIONAL DE ENERGIA,12/30/2022 9:00 p. m.,6/29/2023 8:00 p. m.,POINT (-70.70412199099997 -33.65685186812915),-33.65685186812915,-70.70412199099997
201,2144,337,CASABLANCA II,TECNORED,TERMOELECTRICA, ,PETROLEO DIESEL,0.9,2, ,SISTEMA ELECTRICO NACIONAL,OPERATIVA,4/12/2007 8:00 p. m.,277324,6309988,19 SUR,WGS 1984,VALPARAISO,VALPARAISO,CASABLANCA,COMISION NACIONAL DE ENERGIA,12/9/2014 9:00 p. m.,6/29/2023 8:00 p. m.,POINT (-71.39227411299998 -33.326259739133384),-33.326259739133384,-71.39227411299998
